id,event_id,meet,date,name,age,body_weight,snatch1,snatch2,snatch3,snatch_best,cj1,cj2,cj3,cj_best,total
312270,6836,Iron Kitchen April Qualifier,2025-04-19,Austin Green,Junior Men's 89kg,86,90,-95,96,96,108,115,120,120,216
312271,6836,Iron Kitchen April Qualifier,2025-04-19,Cody Grubbs,Men's Masters (40-44) 81kg,78.9,80,85,-93,85,100,107,113,113,198
312272,6836,Iron Kitchen April Qualifier,2025-04-19,Luke Gray,Junior Men's 89kg,84,65,68,72,72,83,88,92,92,164
312273,6836,Iron Kitchen April Qualifier,2025-04-19,Thomas Cade Filkins,Men's 16-17 Age Group +102kg,103.3,63,-65,-66,63,72,75,80,80,143
312274,6836,Iron Kitchen April Qualifier,2025-04-19,Hannah Otto,Open Women's 71kg,66.3,60,-63,-63,60,77,-81,-81,77,137
312275,6836,Iron Kitchen April Qualifier,2025-04-19,Roxanne  Melinkovich,Women's 16-17 Age Group 71kg,66.9,45,-47,47,47,60,64,67,67,114
312276,6836,Iron Kitchen April Qualifier,2025-04-19,Karsyn Henn,Junior Women's +87kg,113.8,41,43,46,46,59,63,67,67,113
312277,6836,Iron Kitchen April Qualifier,2025-04-19,Maddi Landers,Women's 13 Under Age Group 64kg,61.3,36,40,41,41,56,60,62,62,103
312278,6836,Iron Kitchen April Qualifier,2025-04-19,Mesa Landers,Women's 16-17 Age Group 81kg,78.8,36,38,40,40,50,-54,54,54,94
312279,6836,Iron Kitchen April Qualifier,2025-04-19,Matazi Landers,Junior Women's 59kg,57.3,32,34,37,37,45,48,52,52,89
312280,6836,Iron Kitchen April Qualifier,2025-04-19,Juniper Dale,Women's 16-17 Age Group 55kg,54,27,30,33,33,42,45,-48,45,78
312281,6836,Iron Kitchen April Qualifier,2025-04-19,Hazel Dale,Women's 14-15 Age Group 45kg,41.8,26,28,-30,28,36,39,43,43,71
312282,6836,Iron Kitchen April Qualifier,2025-04-19,Daniel Victor Filkins,Men's 13 Under Age Group 44kg,40.8,29,30,-32,30,35,38,40,40,70
312283,6836,Iron Kitchen April Qualifier,2025-04-19,Gabriella Green,Women's 13 Under Age Group 49kg,47.4,26,29,-33,29,36,40,41,41,70
312284,6836,Iron Kitchen April Qualifier,2025-04-19,Samuel Tucker Filkins,Men's 14-15 Age Group 49kg,44.3,27,29,-31,29,36,37,38,38,67
312285,6836,Iron Kitchen April Qualifier,2025-04-19,Joseph Filkins JR,Men's 13 Under Age Group 36kg,33.6,12,14,-17,14,13,14,15,15,29
312286,6836,Iron Kitchen April Qualifier,2025-04-19,Emma Rogers,Open Women's 87kg,87,86,-92,92,92,-108,-108,-108,0,0
312288,6834,Crestview Barbell In House Meet,2025-04-19,Jackson Costlow,Junior Men's 89kg,87.7,81,91,93,93,115,120,123,123,216
312289,6834,Crestview Barbell In House Meet,2025-04-19,Ean Bearden,Junior Men's 81kg,76.3,84,88,93,93,105,112,113,113,206
312290,6834,Crestview Barbell In House Meet,2025-04-19,Q Ferguson,Men's 16-17 Age Group 89kg,84.3,78,88,94,94,90,100,110,110,204
312291,6834,Crestview Barbell In House Meet,2025-04-19,Easton Waters,Junior Men's 67kg,63.6,83,87,90,90,95,100,105,105,195
312292,6834,Crestview Barbell In House Meet,2025-04-19,Jordan Weekley,Men's 16-17 Age Group 81kg,75.4,80,83,87,87,100,105,-110,105,192
312293,6834,Crestview Barbell In House Meet,2025-04-19,Carson Swotek,Men's 16-17 Age Group 81kg,77.1,82,-86,-87,82,98,102,107,107,189
312294,6834,Crestview Barbell In House Meet,2025-04-19,Jon Cioffi,Men's Masters (50-54) 81kg,76,61,64,67,67,75,80,86,86,153
312295,6834,Crestview Barbell In House Meet,2025-04-19,Noah Presley,Men's 16-17 Age Group 67kg,63,63,-65,-65,63,79,84,86,86,149
312296,6834,Crestview Barbell In House Meet,2025-04-19,Lilian Allen,Junior Women's 64kg,62.65,55,58,-61,58,65,71,75,75,133
312297,6834,Crestview Barbell In House Meet,2025-04-19,Robin Humphreys,Junior Women's 59kg,57.5,54,56,58,58,68,71,75,75,133
312298,6834,Crestview Barbell In House Meet,2025-04-19,Amaya Deleon,Women's 16-17 Age Group 76kg,71.25,-51,51,55,55,68,71,74,74,129
312299,6834,Crestview Barbell In House Meet,2025-04-19,Ryan  Doyle,Men's 14-15 Age Group 73kg,71.8,47,50,51,51,67,71,-74,71,122
312300,6834,Crestview Barbell In House Meet,2025-04-19,Daisy  Dukes,Junior Women's 87kg,83.95,51,53,-55,53,63,65,68,68,121
312301,6834,Crestview Barbell In House Meet,2025-04-19,Georgia Downs,Women's 16-17 Age Group 71kg,67.6,45,-48,50,50,60,-63,64,64,114
312302,6834,Crestview Barbell In House Meet,2025-04-19,Isabella Ortiz,Junior Women's 49kg,47.55,45,48,51,51,55,59,63,63,114
312303,6834,Crestview Barbell In House Meet,2025-04-19,Addisen Campbell,Women's 16-17 Age Group 59kg,57.75,-47,47,-50,47,59,61,63,63,110
312304,6834,Crestview Barbell In House Meet,2025-04-19,Elyse  Presley,Women's 14-15 Age Group 71kg,67,40,-43,-43,40,50,53,56,56,96
312305,6834,Crestview Barbell In House Meet,2025-04-19,Kara Purcell,Women's 13 Under Age Group 64kg,62.35,35,37,40,40,51,-55,-55,51,91
312306,6834,Crestview Barbell In House Meet,2025-04-19,Anna Presley,Women's 13 Under Age Group +64kg,69,34,38,-40,38,40,43,45,45,83
312307,6834,Crestview Barbell In House Meet,2025-04-19,Olivia Vazquez,Women's 13 Under Age Group +64kg,64.6,28,31,-32,31,33,35,37,37,68
312308,6833,East Coast Gold Spring Fling,2025-04-12,Jacob Herbert,Open Men's +109kg,168.7,135,140,150,150,167,175,-176,175,325
312309,6833,East Coast Gold Spring Fling,2025-04-12,Colton Krueger,Open Men's 109kg,107.7,119,125,-130,125,150,159,-166,159,284
312310,6833,East Coast Gold Spring Fling,2025-04-12,Jesse Froehner,Men's Masters (35-39) 89kg,88,123,128,-133,128,145,150,-155,150,278
312311,6833,East Coast Gold Spring Fling,2025-04-12,Aaron Wescoat,Open Men's 89kg,88,115,120,-125,120,145,-150,-153,145,265
312312,6833,East Coast Gold Spring Fling,2025-04-12,James Baptist,Open Men's 96kg,95.95,115,-120,-120,115,140,-145,147,147,262
312313,6833,East Coast Gold Spring Fling,2025-04-12,Michael Orallo,Open Men's 81kg,78.9,106,-110,-110,106,140,144,-145,144,250
312314,6833,East Coast Gold Spring Fling,2025-04-12,Jacob Flores,Open Men's 73kg,71,106,-109,109,109,139,-144,-147,139,248
312315,6833,East Coast Gold Spring Fling,2025-04-12,Keith Wright,Men's Masters (35-39) 96kg,95.4,95,100,-105,100,148,-152,-156,148,248
312316,6833,East Coast Gold Spring Fling,2025-04-12,Quinn Kashishian,Open Men's 67kg,62.1,104,108,112,112,125,130,135,135,247
312317,6833,East Coast Gold Spring Fling,2025-04-12,Steve Yanda,Men's Masters (35-39) 81kg,75.4,100,104,107,107,130,-134,-135,130,237
312318,6833,East Coast Gold Spring Fling,2025-04-12,Brandon Carpenter,Open Men's 96kg,93.7,100,-105,-107,100,130,-135,-137,130,230
312319,6833,East Coast Gold Spring Fling,2025-04-12,Maxwell Davis,Open Men's 102kg,102,100,-105,-106,100,115,120,125,125,225
312320,6833,East Coast Gold Spring Fling,2025-04-12,Erik Frost,Men's Masters (35-39) 109kg,104,95,100,-105,100,120,125,-128,125,225
312321,6833,East Coast Gold Spring Fling,2025-04-12,Andrew Ingell,Open Men's 73kg,71.6,90,95,-100,95,120,-125,127,127,222
312322,6833,East Coast Gold Spring Fling,2025-04-12,Harrison Phelps,Junior Men's 73kg,70.1,85,90,94,94,106,-111,113,113,207
312323,6833,East Coast Gold Spring Fling,2025-04-12,Judson Carithers,Men's 16-17 Age Group +102kg,108.9,91,-94,-96,91,110,-115,115,115,206
312324,6833,East Coast Gold Spring Fling,2025-04-12,Gregory Gerber jr,Open Men's 89kg,87.6,85,93,-100,93,113,-120,-120,113,206
312325,6833,East Coast Gold Spring Fling,2025-04-12,Joe Daniel,Men's Masters (45-49) 96kg,95.4,83,-87,-87,83,114,118,-123,118,201
312326,6833,East Coast Gold Spring Fling,2025-04-12,Matthew Bromwell,Men's Masters (45-49) 96kg,91.9,81,84,86,86,102,105,108,108,194
312327,6833,East Coast Gold Spring Fling,2025-04-12,Rachel Clemmer,Open Women's 71kg,68.8,80,83,86,86,98,-102,105,105,191
312328,6833,East Coast Gold Spring Fling,2025-04-12,James McGrath,Men's Masters (40-44) 89kg,86.9,75,79,-83,79,100,106,-110,106,185
312329,6833,East Coast Gold Spring Fling,2025-04-12,Jonathan Hubble,Men's Masters (40-44) 73kg,70,80,-83,-84,80,100,-104,104,104,184
312330,6833,East Coast Gold Spring Fling,2025-04-12,Jackson Phillips,Open Men's +109kg,111.4,-65,65,70,70,95,103,110,110,180
312331,6833,East Coast Gold Spring Fling,2025-04-12,Brian McShea,Men's Masters (35-39) 81kg,77.6,75,-80,-80,75,95,100,-105,100,175
312332,6833,East Coast Gold Spring Fling,2025-04-12,Chase Weatherford,Open Women's +87kg,109.7,71,75,-80,75,95,97,99,99,174
312333,6833,East Coast Gold Spring Fling,2025-04-12,Andrew Snead,Men's Masters (35-39) 89kg,85.3,-72,72,-75,72,97,100,102,102,174
312334,6833,East Coast Gold Spring Fling,2025-04-12,Adam Cooper,Men's Masters (40-44) 109kg,103.6,75,79,84,84,80,85,90,90,174
312335,6833,East Coast Gold Spring Fling,2025-04-12,Alexis Danchak,Open Women's 71kg,69,72,-75,-77,72,-100,-100,100,100,172
312336,6833,East Coast Gold Spring Fling,2025-04-12,Hayden Mentzer,Open Women's 71kg,70.1,64,68,-72,68,92,96,-100,96,164
312337,6833,East Coast Gold Spring Fling,2025-04-12,Alexandria Black,Open Women's 76kg,72.5,66,69,72,72,83,86,90,90,162
312338,6833,East Coast Gold Spring Fling,2025-04-12,John Floyd,Men's Masters (65-69) 89kg,88.4,-70,-70,70,70,85,87,89,89,159
312339,6833,East Coast Gold Spring Fling,2025-04-12,Megan Johnson,Open Women's 76kg,73.4,60,65,-70,65,90,-95,-98,90,155
312340,6833,East Coast Gold Spring Fling,2025-04-12,Casey Smith,Women's Masters (40-44) 71kg,68.4,59,62,65,65,77,-81,83,83,148
312341,6833,East Coast Gold Spring Fling,2025-04-12,Aaron Bobb,Open Men's 102kg,98.4,58,62,-65,62,75,79,82,82,144
312342,6833,East Coast Gold Spring Fling,2025-04-12,Stephanie Hudson,Women's Masters (35-39) 87kg,87,55,58,-60,58,75,79,84,84,142
312343,6833,East Coast Gold Spring Fling,2025-04-12,Maddie McElfresh,Open Men's 67kg,63.3,55,58,-60,58,74,78,81,81,139
312344,6833,East Coast Gold Spring Fling,2025-04-12,Brandon Groeger,Men's Masters (35-39) 89kg,82.1,-60,60,-62,60,75,78,-81,78,138
312345,6833,East Coast Gold Spring Fling,2025-04-12,Kristin Frye,Open Women's 71kg,70.7,50,53,56,56,60,64,68,68,124
312346,6833,East Coast Gold Spring Fling,2025-04-12,Jenny Meyer,Women's Masters (40-44) 76kg,76,45,47,-50,47,65,68,-70,68,115
312347,6833,East Coast Gold Spring Fling,2025-04-12,Timothy Campbell,Men's Masters (60-64) 73kg,72.4,40,43,46,46,65,68,-71,68,114
312348,6833,East Coast Gold Spring Fling,2025-04-12,Joseph Meyer,Men's 14-15 Age Group 67kg,65.2,43,45,47,47,50,52,55,55,102
312349,6833,East Coast Gold Spring Fling,2025-04-12,Corinne Wallis,Open Women's 59kg,59,44,-47,-47,44,54,57,-60,57,101
312350,6833,East Coast Gold Spring Fling,2025-04-12,Isabella Larkin,Open Women's 71kg,69.7,33,37,40,40,52,56,60,60,100
312351,6833,East Coast Gold Spring Fling,2025-04-12,J Jackson-Beckham,Women's Masters (45-49) 87kg,83,44,46,48,48,49,52,-55,52,100
312352,6833,East Coast Gold Spring Fling,2025-04-12,Susan Vierling,Open Women's 55kg,51.9,-36,36,38,38,47,50,53,53,91
312353,6833,East Coast Gold Spring Fling,2025-04-12,Marie  Snead,Women's Masters (35-39) 71kg,67.4,36,-37,-37,36,-50,51,-53,51,87
312354,6833,East Coast Gold Spring Fling,2025-04-12,Lucius Rowell,Men's 13 Under Age Group 44kg,41.3,16,17,-19,17,20,-21,21,21,38
312355,6833,East Coast Gold Spring Fling,2025-04-12,Ryan Westpfahl,Open Women's 76kg,75.7,-80,-83,-83,0,95,100,-105,100,0
312356,6832,Caruso Classic,2025-04-12,Kaleb wendricks,Open Men's 109kg,109,140,148,155,155,183,-191,200,200,355
312357,6832,Caruso Classic,2025-04-12,Caiden LaLiberty,Open Men's 109kg,109,136,142,146,146,167,180,-184,180,326
312358,6832,Caruso Classic,2025-04-12,Jackson Faller,Open Men's +109kg,109,120,125,-130,125,155,160,-165,160,285
312359,6832,Caruso Classic,2025-04-12,Nick Gifford,Open Men's 96kg,96,120,-125,126,126,143,147,-151,147,273
312360,6832,Caruso Classic,2025-04-12,Jon Salzman,Open Men's 102kg,102,110,113,120,120,135,142,-150,142,262
312361,6832,Caruso Classic,2025-04-12,William Cho,Open Men's 81kg,81,105,108,111,111,133,-138,140,140,251
312362,6832,Caruso Classic,2025-04-12,Quinton Vonesh,Open Men's 89kg,89,100,110,-115,110,127,134,140,140,250
312363,6832,Caruso Classic,2025-04-12,Shane Perkins,Open Men's 96kg,96,-105,105,111,111,135,-141,0,135,246
312364,6832,Caruso Classic,2025-04-12,Charles Ssekyaaya,Open Men's 67kg,67,95,100,105,105,123,133,140,140,245
312365,6832,Caruso Classic,2025-04-12,Kevin Belobrajdic,Open Men's 89kg,89,-90,90,95,95,-125,125,133,133,228
312366,6832,Caruso Classic,2025-04-12,Carson Muench,Junior Men's 81kg,81,88,92,96,96,115,123,126,126,222
312367,6832,Caruso Classic,2025-04-12,Christian Sims,Open Men's 89kg,89,80,-85,88,88,105,112,-116,112,200
312368,6832,Caruso Classic,2025-04-12,Andrew Sodersten,Men's Masters (35-39) 89kg,89,77,82,87,87,100,105,113,113,200
312369,6832,Caruso Classic,2025-04-12,Henry Tyrrell,Junior Men's 81kg,81,85,88,-91,88,110,-116,-116,110,198
312370,6832,Caruso Classic,2025-04-12,Antonia Clark,Open Women's 76kg,76,82,85,87,87,104,106,108,108,195
312371,6832,Caruso Classic,2025-04-12,Whitney Arends,Women's Masters (35-39) 87kg,87,80,83,86,86,103,106,109,109,195
312372,6832,Caruso Classic,2025-04-12,Owen Eicher,Junior Men's 96kg,96,82,-85,-87,82,105,108,112,112,194
312373,6832,Caruso Classic,2025-04-12,Hunter Bruno,Open Men's 89kg,89,80,85,-91,85,107,-113,-113,107,192
312374,6832,Caruso Classic,2025-04-12,Jason Hopper,Men's Masters (50-54) 96kg,96,80,83,-86,83,100,105,109,109,192
312375,6832,Caruso Classic,2025-04-12,Tobias SteimerII,Open Men's 89kg,89,85,89,-92,89,90,95,101,101,190
312376,6832,Caruso Classic,2025-04-12,Nash Lueken,Open Men's 109kg,109,62,68,73,73,107,111,115,115,188
312377,6832,Caruso Classic,2025-04-12,Lindsay Siolka,Open Women's 64kg,64,77,79,81,81,93,98,103,103,184
312378,6832,Caruso Classic,2025-04-12,Lucas Medeiros,Open Men's 89kg,89,67,70,73,73,98,103,-107,103,176
312379,6832,Caruso Classic,2025-04-12,Paige Taylor,Open Women's 87kg,87,-77,77,80,80,93,96,-100,96,176
312380,6832,Caruso Classic,2025-04-12,Joel Haugen,Men's Masters (50-54) 102kg,102,78,-81,-81,78,90,94,98,98,176
312381,6832,Caruso Classic,2025-04-12,Gunnar Maki,Men's 16-17 Age Group 81kg,81,76,-80,80,80,84,88,90,90,170
312382,6832,Caruso Classic,2025-04-12,Taylor Lewis,Open Women's 71kg,71,70,73,77,77,85,88,92,92,169
312383,6832,Caruso Classic,2025-04-12,holly wendricks,Open Women's 87kg,87,69,72,75,75,88,92,-95,92,167
312384,6832,Caruso Classic,2025-04-12,Alexandra  Heifort,Open Women's 87kg,87,68,72,-75,72,-86,86,91,91,163
312385,6832,Caruso Classic,2025-04-12,Anuj Pal,Open Men's 81kg,81,-67,70,-75,70,80,85,90,90,160
312386,6832,Caruso Classic,2025-04-12,Jeffrey Sullivan,Men's Masters (50-54) 109kg,109,58,60,63,63,78,-81,83,83,146
312387,6832,Caruso Classic,2025-04-12,Ashley Greenfield,Open Women's 71kg,71,64,-67,68,68,75,77,-80,77,145
312388,6832,Caruso Classic,2025-04-12,Andrew Kramer,Men's Masters (60-64) 81kg,81,64,66,-69,66,-78,78,-82,78,144
312389,6832,Caruso Classic,2025-04-12,Anne Eicher,Women's Masters (40-44) 76kg,76,58,60,63,63,75,79,-82,79,142
312390,6832,Caruso Classic,2025-04-12,Michaela Nielsen,Open Women's 59kg,59,55,58,-61,58,76,79,82,82,140
312391,6832,Caruso Classic,2025-04-12,Addison Eicher,Women's 14-15 Age Group 64kg,64,55,58,-61,58,75,-80,80,80,138
312392,6832,Caruso Classic,2025-04-12,Nicole Moore,Women's Masters (45-49) 71kg,71,55,57,-59,57,72,75,78,78,135
312393,6832,Caruso Classic,2025-04-12,Maxine Denis,Open Women's 76kg,76,50,53,57,57,72,75,77,77,134
312394,6832,Caruso Classic,2025-04-12,Brian Hartney,Men's Masters (50-54) 89kg,89,60,-62,-62,60,71,-73,73,73,133
312395,6832,Caruso Classic,2025-04-12,Peyton Adams,Open Women's 64kg,64,53,58,-63,58,62,66,70,70,128
312396,6832,Caruso Classic,2025-04-12,Courtney Okerstrom,Open Women's 71kg,71,53,56,-59,56,65,70,72,72,128
312397,6832,Caruso Classic,2025-04-12,Lacey Eggersdorfer,Open Women's 71kg,71,48,51,-54,51,65,70,-75,70,121
312398,6832,Caruso Classic,2025-04-12,Kelly Clay McKenzie,Women's Masters (35-39) 81kg,81,45,48,-51,48,60,65,70,70,118
312399,6832,Caruso Classic,2025-04-12,Penny Kaiser,Women's Masters (45-49) 87kg,87,-47,47,-49,47,63,67,70,70,117
312400,6832,Caruso Classic,2025-04-12,Gina Dudley,Women's Masters (35-39) 87kg,87,-48,48,-52,48,65,66,67,67,115
312401,6832,Caruso Classic,2025-04-12,Rebecca Olson,Open Women's 76kg,76,46,48,-50,48,55,61,-65,61,109
312402,6832,Caruso Classic,2025-04-12,Allison Hoolahan,Women's 16-17 Age Group 81kg,81,42,44,-50,44,55,60,65,65,109
312403,6832,Caruso Classic,2025-04-12,Lindsey Sefried,Open Women's 64kg,64,-45,46,48,48,55,58,60,60,108
312404,6832,Caruso Classic,2025-04-12,Adam Pyles,Men's Masters (60-64) 109kg,109,45,-48,48,48,55,-60,60,60,108
312405,6832,Caruso Classic,2025-04-12,Mikayla Miller,Open Women's 87kg,87,36,39,43,43,61,63,-66,63,106
312406,6832,Caruso Classic,2025-04-12,Alissa  McCourt,Open Women's 76kg,76,43,45,-48,45,54,57,60,60,105
312407,6832,Caruso Classic,2025-04-12,Brooke Echter,Open Women's 55kg,55,40,43,45,45,54,57,-60,57,102
312408,6832,Caruso Classic,2025-04-12,Sarah Siebenaler,Women's Masters (45-49) 59kg,58,41,43,45,45,53,55,57,57,102
312409,6832,Caruso Classic,2025-04-12,Marin Bast,Women's 14-15 Age Group 55kg,55,40,43,-45,43,53,-57,57,57,100
312410,6832,Caruso Classic,2025-04-12,Freya Inanna,Women's Masters (45-49) 59kg,59,38,41,-43,41,56,-58,59,59,100
312411,6832,Caruso Classic,2025-04-12,Maria Larson,Open Women's 64kg,64,38,40,-42,40,50,53,-56,53,93
312412,6832,Caruso Classic,2025-04-12,Grant Swenning,Men's 14-15 Age Group 67kg,67,38,40,42,42,45,48,51,51,93
312413,6832,Caruso Classic,2025-04-12,Johanna Sodersten,Women's Masters (35-39) 81kg,81,30,33,-36,33,48,50,52,52,85
312414,6832,Caruso Classic,2025-04-12,Kaia Maki,Women's 14-15 Age Group 49kg,49,-36,36,-39,36,44,-47,47,47,83
312415,6832,Caruso Classic,2025-04-12,Charlee Meyer,Women's 13 Under Age Group 49kg,49,30,33,35,35,36,38,40,40,75
312416,6832,Caruso Classic,2025-04-12,Isabel Olinger,Women's 16-17 Age Group 49kg,49,28,31,-34,31,39,41,-46,41,72
312417,6832,Caruso Classic,2025-04-12,Johanna Ssekyaaya,Open Women's 49kg,49,-58,-58,-58,0,75,75,75,75,0
312418,6832,Caruso Classic,2025-04-12,Kaylee Cromwell,Junior Women's 55kg,55,-43,-43,-43,0,55,58,60,60,0
312419,6832,Caruso Classic,2025-04-12,Kellen Hoornaert,Open Men's 89kg,89,83,87,-93,87,-115,-120,-120,0,0
312420,6832,Caruso Classic,2025-04-12,Aaron Eicher,Men's Masters (40-44) 89kg,89,88,90,92,92,-118,-118,-118,0,0
312421,6832,Caruso Classic,2025-04-12,Alexander Schneider,Men's 16-17 Age Group +102kg,109,-85,85,-90,85,-106,-109,-113,0,0
312422,6831,Power Weekend,2025-04-12,Austin Healy,Open Men's 81kg,78,105,115,125,125,135,145,155,155,280
312423,6831,Power Weekend,2025-04-12,Travis Goodmon,Open Men's +109kg,109.5,115,120,125,125,140,-150,-150,140,265
312424,6831,Power Weekend,2025-04-12,Blake Stewart,Junior Men's 102kg,102,100,105,110,110,125,135,145,145,255
312425,6831,Power Weekend,2025-04-12,Gerald Cawelti,Men's Masters (35-39) 96kg,95.9,90,105,-112,105,130,145,-155,145,250
312426,6831,Power Weekend,2025-04-12,Justin Miller,Open Men's 89kg,81.2,95,100,-105,100,126,131,-136,131,231
312427,6831,Power Weekend,2025-04-12,Eron Dick,Men's 16-17 Age Group 81kg,79,-90,90,-100,90,105,-115,115,115,205
312428,6831,Power Weekend,2025-04-12,Britton Thompson,Open Men's +109kg,115,70,75,80,80,105,110,115,115,195
312429,6831,Power Weekend,2025-04-12,Jack Wilson,Men's 16-17 Age Group 89kg,87.1,78,81,84,84,-105,108,-112,108,192
312430,6831,Power Weekend,2025-04-12,Jesus Mejia,Junior Men's +109kg,143,83,88,-93,88,101,-106,-106,101,189
312431,6831,Power Weekend,2025-04-12,Aldan Michel,Open Men's 96kg,94.1,70,75,-82,75,-100,105,110,110,185
312432,6831,Power Weekend,2025-04-12,Max Bolan,Junior Men's 81kg,78.2,-83,-83,83,83,101,-105,-105,101,184
312433,6831,Power Weekend,2025-04-12,Kinsley Rodden,Women's 16-17 Age Group +81kg,125.4,74,76,-80,76,90,95,100,100,176
312434,6831,Power Weekend,2025-04-12,Irvin Mejia,Men's 16-17 Age Group +102kg,106.3,67,72,-77,72,90,95,-101,95,167
312435,6831,Power Weekend,2025-04-12,James Saenz,Men's 16-17 Age Group 67kg,64.2,57,62,67,67,77,82,87,87,154
312436,6831,Power Weekend,2025-04-12,jacob prospero,Junior Men's 102kg,97.9,59,64,69,69,72,78,83,83,152
312437,6831,Power Weekend,2025-04-12,Braden Schriner,Junior Men's 89kg,89,55,58,63,63,75,81,-85,81,144
312438,6831,Power Weekend,2025-04-12,Larry Alvarez,Junior Men's 67kg,62.2,55,-60,-60,55,73,78,84,84,139
312439,6831,Power Weekend,2025-04-12,Alyssa Calvert,Open Women's 64kg,63.9,53,56,59,59,71,75,80,80,139
312440,6831,Power Weekend,2025-04-12,Rickey Pecina,Men's 16-17 Age Group +102kg,119.7,52,-60,60,60,64,69,76,76,136
312441,6831,Power Weekend,2025-04-12,Avery Gates,Junior Women's 76kg,73.4,53,56,60,60,65,69,72,72,132
312442,6831,Power Weekend,2025-04-12,James Pla,Junior Men's 89kg,85.7,52,-57,-57,52,-66,66,71,71,123
312443,6831,Power Weekend,2025-04-12,Elizabeth Berg,Open Women's 76kg,74.7,52,-55,55,55,62,65,68,68,123
312444,6831,Power Weekend,2025-04-12,Raegan Stinemetz,Open Women's 64kg,62.7,52,54,56,56,60,65,67,67,123
312445,6831,Power Weekend,2025-04-12,Amber Stroh,Open Women's 87kg,84.3,40,43,46,46,63,66,69,69,115
312446,6831,Power Weekend,2025-04-12,Bree Solis,Open Women's 64kg,60.5,40,45,49,49,60,65,-69,65,114
312447,6831,Power Weekend,2025-04-12,Noah Beal,Open Men's 96kg,93.5,40,45,50,50,50,55,60,60,110
312448,6831,Power Weekend,2025-04-12,Alena Morris,Open Women's 64kg,61,40,43,47,47,54,56,59,59,106
312449,6831,Power Weekend,2025-04-12,Lorena Luna,Women's 16-17 Age Group 76kg,75.1,42,45,-48,45,50,53,56,56,101
312450,6831,Power Weekend,2025-04-12,Jalee DeVader,Open Women's 64kg,59.4,40,43,46,46,51,54,-58,54,100
312451,6831,Power Weekend,2025-04-12,Violet Timmons,Junior Women's 64kg,59.2,37,40,-43,40,-50,54,57,57,97
312452,6831,Power Weekend,2025-04-12,Carol Gregg,Women's Masters (55-59) 59kg,57.2,36,-38,38,38,46,48,-50,48,86
312453,6831,Power Weekend,2025-04-12,Jennifer Kennedy,Women's Masters (40-44) 81kg,79,33,35,37,37,42,44,47,47,84
312454,6831,Power Weekend,2025-04-12,Elke Brock,Women's 14-15 Age Group +76kg,109.4,30,31,32,32,45,47,49,49,81
312455,6831,Power Weekend,2025-04-12,Hadley Chandler,Women's 13 Under Age Group 59kg,58.4,31,33,35,35,40,42,45,45,80
312456,6831,Power Weekend,2025-04-12,Kelbi Markham,Open Women's 59kg,56.7,27,29,31,31,38,41,44,44,75
312457,6831,Power Weekend,2025-04-12,Candace Barnes,Women's Masters (55-59) 87kg,81.2,32,34,-36,34,37,-40,40,40,74
312458,6831,Power Weekend,2025-04-12,Valerie Parra,Junior Women's 59kg,56.4,29,32,-35,32,38,39,-44,39,71
312459,6831,Power Weekend,2025-04-12,Ann Knutson,Women's Masters (55-59) 59kg,58.1,30,32,-33,32,34,36,38,38,70
312460,6831,Power Weekend,2025-04-12,Harper Haeberle,Women's 13 Under Age Group +64kg,71,26,28,-30,28,36,38,-40,38,66
312461,6831,Power Weekend,2025-04-12,Serenity Cauich,Junior Women's 55kg,50.7,26,-29,-29,26,-36,-36,36,36,62
312462,6831,Power Weekend,2025-04-12,Ashlyn Reathaford,Women's 13 Under Age Group 55kg,49.7,22,25,-28,25,-32,32,35,35,60
312463,6831,Power Weekend,2025-04-12,Emmalynn Hall,Women's 14-15 Age Group 55kg,54.3,25,26,27,27,27,28,30,30,57
312464,6831,Power Weekend,2025-04-12,Greyson Craig,Men's 13 Under Age Group +73kg,85.3,20,21,22,22,29,31,33,33,55
312465,6831,Power Weekend,2025-04-12,Linkon Weaver,Men's 13 Under Age Group 55kg,52.5,-21,21,23,23,32,-33,-33,32,55
312466,6831,Power Weekend,2025-04-12,Sophia Morlock,Women's 13 Under Age Group 64kg,61.2,18,20,22,22,28,30,32,32,54
312467,6831,Power Weekend,2025-04-12,Blaise Atkinson,Women's 13 Under Age Group 55kg,54.4,21,-23,23,23,30,-33,-35,30,53
312468,6831,Power Weekend,2025-04-12,Eliza Meyer,Women's 13 Under Age Group 45kg,43.4,16,18,20,20,22,25,-27,25,45
312469,6831,Power Weekend,2025-04-12,Everly Hufford,Women's 13 Under Age Group 45kg,42.8,15,18,20,20,22,25,-28,25,45
312470,6831,Power Weekend,2025-04-12,Abigail Moeder,Women's 13 Under Age Group 30kg,28.8,11,12,13,13,16,17,18,18,31
312472,6829,The Toledo Youth Series,2025-04-05,Caleb Sprenger,Men's 16-17 Age Group 73kg,70.3,75,80,-85,80,95,101,-105,101,181
312473,6829,The Toledo Youth Series,2025-04-05,troy castillo,Men's 16-17 Age Group 81kg,79.9,73,-77,-78,73,92,95,97,97,170
312474,6829,The Toledo Youth Series,2025-04-05,Brock Bates,Men's 14-15 Age Group 61kg,56,51,55,58,58,71,75,77,77,135
312475,6829,The Toledo Youth Series,2025-04-05,Grayor Opfer,Men's 14-15 Age Group 61kg,60.7,47,50,-52,50,68,72,75,75,125
312476,6829,The Toledo Youth Series,2025-04-05,Teelilly Abrighach,Women's 16-17 Age Group 59kg,58.7,53,-56,-56,53,64,68,-71,68,121
312477,6829,The Toledo Youth Series,2025-04-05,Laila Thomas,Women's 16-17 Age Group 71kg,64.8,45,-47,-48,45,60,62,63,63,108
312478,6829,The Toledo Youth Series,2025-04-05,Leonel Nunez,Men's 13 Under Age Group 61kg,57.9,44,46,48,48,50,53,55,55,103
312479,6829,The Toledo Youth Series,2025-04-05,Hazyl Castillo,Women's 14-15 Age Group 59kg,57.6,43,-46,46,46,53,-56,56,56,102
312480,6829,The Toledo Youth Series,2025-04-05,Hailey Sprenger,Women's 13 Under Age Group 49kg,46,-40,40,42,42,50,53,-55,53,95
312481,6829,The Toledo Youth Series,2025-04-05,Perry Wobser,Men's 14-15 Age Group 61kg,57.6,38,40,-42,40,48,50,52,52,92
312482,6829,The Toledo Youth Series,2025-04-05,Sonya Nunez,Women's 14-15 Age Group 59kg,57.5,35,37,39,39,47,48,50,50,89
312483,6829,The Toledo Youth Series,2025-04-05,Gabriel Lewis,Men's 13 Under Age Group 39kg,38,26,28,30,30,37,40,42,42,72
312484,6829,The Toledo Youth Series,2025-04-05,Neil Fuenmayor,Men's 14-15 Age Group 81kg,73.4,26,28,31,31,35,38,40,40,71
312485,6829,The Toledo Youth Series,2025-04-05,Zane Bellamy,Men's 13 Under Age Group +73kg,87.5,24,26,28,28,34,-36,37,37,65
312486,6829,The Toledo Youth Series,2025-04-05,Trae Dauch,Men's 13 Under Age Group 32kg,31.3,26,-28,28,28,36,-38,-38,36,64
312487,6829,The Toledo Youth Series,2025-04-05,Kate Yetter,Women's 13 Under Age Group 40kg,39.7,24,26,28,28,32,34,36,36,64
312488,6829,The Toledo Youth Series,2025-04-05,Dempsey Opfer,Men's 13 Under Age Group 39kg,39,24,25,26,26,32,34,36,36,62
312489,6829,The Toledo Youth Series,2025-04-05,Raiden Liao,Men's 13 Under Age Group 44kg,42.4,21,24,25,25,30,-33,-33,30,55
312490,6829,The Toledo Youth Series,2025-04-05,Henry Keller,Men's 13 Under Age Group 61kg,57.2,20,22,-24,22,25,27,29,29,51
312491,6829,The Toledo Youth Series,2025-04-05,Kamden Opfer,Women's 13 Under Age Group 33kg,32.8,18,19,-20,19,22,24,26,26,45
312492,6829,The Toledo Youth Series,2025-04-05,Sean Aldrich,Men's 13 Under Age Group 44kg,42.8,16,19,-21,19,21,25,-28,25,44
312493,6829,The Toledo Youth Series,2025-04-05,Kerrigan Nutter,Women's 13 Under Age Group 49kg,46.4,16,18,19,19,21,23,25,25,44
312494,6829,The Toledo Youth Series,2025-04-05,Quinn Drury,Women's 13 Under Age Group 40kg,37,16,17,18,18,19,20,22,22,40
312495,6828,2025 SoCal Spring Classic,2025-04-12,Bryan Cuellar,Open Men's 89kg,88.93,-132,133,137,137,170,175,-180,175,312
312496,6828,2025 SoCal Spring Classic,2025-04-12,Rajan Bains,Men's Masters (35-39) +109kg,122.55,120,-127,128,128,165,172,178,178,306
312497,6828,2025 SoCal Spring Classic,2025-04-12,Juan Alcazar,Men's Masters (35-39) +109kg,129.93,133,-138,140,140,165,-173,-176,165,305
312498,6828,2025 SoCal Spring Classic,2025-04-12,Jacob Johnsson,Open Men's 89kg,87.76,127,130,133,133,156,-161,162,162,295
312499,6828,2025 SoCal Spring Classic,2025-04-12,Jordan Parker,Open Men's 96kg,95.1,-125,129,132,132,155,-161,162,162,294
312500,6828,2025 SoCal Spring Classic,2025-04-12,Valera ` Djaghouri,Open Men's 89kg,87.6,124,-128,130,130,160,-165,-166,160,290
312501,6828,2025 SoCal Spring Classic,2025-04-12,Jacob Littlefield,Open Men's 109kg,106.76,112,117,121,121,145,151,156,156,277
312502,6828,2025 SoCal Spring Classic,2025-04-12,Jacob Paxman,Open Men's +109kg,145.35,121,-125,125,125,150,0,0,150,275
312503,6828,2025 SoCal Spring Classic,2025-04-12,Daniel Cases,Men's Masters (35-39) 89kg,87.8,110,114,118,118,140,150,156,156,274
312504,6828,2025 SoCal Spring Classic,2025-04-12,Emmanuel Amador,Open Men's 81kg,78.83,112,116,-119,116,151,156,-160,156,272
312505,6828,2025 SoCal Spring Classic,2025-04-12,David Oppenheim,Open Men's 102kg,100.6,110,114,118,118,140,145,150,150,268
312506,6828,2025 SoCal Spring Classic,2025-04-12,Julian Box,Open Men's 102kg,99.29,110,-115,120,120,130,137,-145,137,257
312507,6828,2025 SoCal Spring Classic,2025-04-12,Tristan Wisner,Open Men's 89kg,83.35,107,111,114,114,134,138,142,142,256
312508,6828,2025 SoCal Spring Classic,2025-04-12,Noah Mancini,Open Men's 89kg,88,105,110,-115,110,140,145,-150,145,255
312509,6828,2025 SoCal Spring Classic,2025-04-12,Devan Hunt,Open Men's 109kg,103.03,105,110,-115,110,132,137,140,140,250
312510,6828,2025 SoCal Spring Classic,2025-04-12,Ethan Sanchez,Open Men's 96kg,95.01,93,97,100,100,133,138,142,142,242
312511,6828,2025 SoCal Spring Classic,2025-04-12,Ariel Ascencio,Open Men's 102kg,99.42,100,105,110,110,121,-127,128,128,238
312512,6828,2025 SoCal Spring Classic,2025-04-12,Aaron Wong,Open Men's 89kg,83.04,100,104,-107,104,127,131,-135,131,235
312513,6828,2025 SoCal Spring Classic,2025-04-12,Isamu Harrison,Open Men's 73kg,70.13,94,97,100,100,120,125,130,130,230
312514,6828,2025 SoCal Spring Classic,2025-04-12,Diego Flores,Open Men's 89kg,86.64,89,94,98,98,125,130,-135,130,228
312515,6828,2025 SoCal Spring Classic,2025-04-12,Lourence Cabantog,Open Men's 73kg,72.74,95,100,105,105,110,115,120,120,225
312516,6828,2025 SoCal Spring Classic,2025-04-12,Roy Reas,Open Men's 89kg,86.32,90,-95,-98,90,125,131,-137,131,221
312517,6828,2025 SoCal Spring Classic,2025-04-12,William Hong,Open Men's 96kg,93.59,86,89,92,92,108,112,116,116,208
312518,6828,2025 SoCal Spring Classic,2025-04-12,Christian Rogacion,Open Men's 81kg,78.04,87,-91,-91,87,110,115,-120,115,202
312519,6828,2025 SoCal Spring Classic,2025-04-12,Eric Ikeda,Open Men's 67kg,63.13,80,85,-90,85,95,103,110,110,195
312520,6828,2025 SoCal Spring Classic,2025-04-12,Darron Brown,Men's Masters (35-39) 102kg,97.78,75,80,85,85,-110,-110,110,110,195
312521,6828,2025 SoCal Spring Classic,2025-04-12,Anthony Sosa,Men's Masters (45-49) 96kg,95.89,82,84,86,86,-106,106,-109,106,192
312522,6828,2025 SoCal Spring Classic,2025-04-12,John Bonds,Men's Masters (45-49) +109kg,123.41,80,-85,-85,80,105,-108,109,109,189
312523,6828,2025 SoCal Spring Classic,2025-04-12,Nico Melendez,Open Men's 96kg,92.12,78,80,82,82,100,105,-110,105,187
312524,6828,2025 SoCal Spring Classic,2025-04-12,Christopher Trumbo,Open Men's 81kg,77.1,80,-83,-85,80,100,105,-110,105,185
312525,6828,2025 SoCal Spring Classic,2025-04-12,Derec Thompson,Open Men's 109kg,105.22,80,-85,85,85,95,100,-106,100,185
312526,6828,2025 SoCal Spring Classic,2025-04-12,Nima Hemmatian,Open Men's 73kg,72.74,75,78,82,82,95,99,-102,99,181
312527,6828,2025 SoCal Spring Classic,2025-04-12,Colin Mahar,Open Men's 73kg,72.03,78,82,85,85,88,91,95,95,180
312528,6828,2025 SoCal Spring Classic,2025-04-12,Vinh Hoang,Open Men's 89kg,87.6,74,-78,78,78,95,100,-105,100,178
312529,6828,2025 SoCal Spring Classic,2025-04-12,Alexander Rodriguez Cobo,Open Men's +109kg,126.9,74,78,-81,78,91,96,100,100,178
312530,6828,2025 SoCal Spring Classic,2025-04-12,Georgia Cameron,Open Women's 59kg,58.57,74,77,79,79,94,98,-102,98,177
312531,6828,2025 SoCal Spring Classic,2025-04-12,Richard Banister,Men's Masters (45-49) 73kg,71.15,66,-70,72,72,93,98,105,105,177
312532,6828,2025 SoCal Spring Classic,2025-04-12,Samantha Ellison,Open Women's 64kg,62.47,72,75,-78,75,93,97,-100,97,172
312533,6828,2025 SoCal Spring Classic,2025-04-12,DeAngel  Argueta,Open Men's 73kg,72.2,65,70,75,75,90,95,-102,95,170
312534,6828,2025 SoCal Spring Classic,2025-04-12,Bradley Muhlenkamp,Open Men's +109kg,122.05,66,75,80,80,85,-90,90,90,170
312535,6828,2025 SoCal Spring Classic,2025-04-12,Giselle Catalasan,Open Women's 71kg,66.99,70,73,75,75,90,94,-97,94,169
312536,6828,2025 SoCal Spring Classic,2025-04-12,Jordyn Cooley,Open Women's 59kg,58.86,68,-71,71,71,90,94,98,98,169
312537,6828,2025 SoCal Spring Classic,2025-04-12,Milan  Bunker,Open Women's +87kg,118.4,73,-76,-76,73,90,93,-96,93,166
312538,6828,2025 SoCal Spring Classic,2025-04-12,Jessica Knoblock,Open Women's 71kg,69.72,72,76,-79,76,-90,90,-95,90,166
312539,6828,2025 SoCal Spring Classic,2025-04-12,Ben Lisk,Open Men's 96kg,90.2,64,67,70,70,85,90,95,95,165
312540,6828,2025 SoCal Spring Classic,2025-04-12,Lauren Thiel,Open Women's +87kg,128.52,63,65,67,67,88,91,94,94,161
312541,6828,2025 SoCal Spring Classic,2025-04-12,Stephan Boulanger,Men's Masters (50-54) 96kg,93.78,68,72,75,75,80,84,-88,84,159
312542,6828,2025 SoCal Spring Classic,2025-04-12,Gavin Greenwalt,Men's 16-17 Age Group 73kg,72.87,-60,60,65,65,80,85,91,91,156
312543,6828,2025 SoCal Spring Classic,2025-04-12,Alicia Monge,Open Women's 71kg,68.4,54,58,61,61,78,82,85,85,146
312544,6828,2025 SoCal Spring Classic,2025-04-12,Maia Burrows,Junior Women's 64kg,63.98,55,57,59,59,72,76,-80,76,135
312545,6828,2025 SoCal Spring Classic,2025-04-12,Marion Crowley,Women's Masters (35-39) 64kg,64,52,55,58,58,67,70,73,73,131
312546,6828,2025 SoCal Spring Classic,2025-04-12,Lily Wetzler,Women's 16-17 Age Group 59kg,58.42,55,58,-60,58,65,68,71,71,129
312547,6828,2025 SoCal Spring Classic,2025-04-12,Sabrina Barron Berntsson,Open Women's 59kg,58.91,-55,57,-60,57,66,68,71,71,128
312548,6828,2025 SoCal Spring Classic,2025-04-12,Jessica Lohse,Women's Masters (35-39) 71kg,68.18,47,50,52,52,70,75,-76,75,127
312549,6828,2025 SoCal Spring Classic,2025-04-12,Gavin Burrows,Men's 14-15 Age Group 61kg,61,52,55,-57,55,60,63,70,70,125
312550,6828,2025 SoCal Spring Classic,2025-04-12,Amber Schiada,Women's Masters (40-44) 81kg,80.11,43,45,48,48,65,68,72,72,120
312551,6828,2025 SoCal Spring Classic,2025-04-12,kiley rose,Open Women's 76kg,74.63,43,45,47,47,63,66,69,69,116
312552,6828,2025 SoCal Spring Classic,2025-04-12,Hoanh Tsan,Junior Men's 81kg,81,43,-48,48,48,65,-70,-72,65,113
312553,6828,2025 SoCal Spring Classic,2025-04-12,Carley Pieper,Women's Masters (35-39) +87kg,89.02,40,45,-47,45,63,65,68,68,113
312554,6828,2025 SoCal Spring Classic,2025-04-12,Hannah Rankin,Open Women's +87kg,92.93,40,43,46,46,55,59,62,62,108
312555,6828,2025 SoCal Spring Classic,2025-04-12,Kai Reynolds,Men's 14-15 Age Group 49kg,47.27,37,41,45,45,50,55,60,60,105
312556,6828,2025 SoCal Spring Classic,2025-04-12,Amalia Rolf,Open Women's 76kg,73.21,42,44,-47,44,55,58,61,61,105
312557,6828,2025 SoCal Spring Classic,2025-04-12,Jessica Carrillo,Open Women's 64kg,61.81,40,-45,-50,40,55,60,63,63,103
312558,6828,2025 SoCal Spring Classic,2025-04-12,Jaylee Casiano,Junior Women's 71kg,70.42,42,45,-47,45,54,57,-60,57,102
312559,6828,2025 SoCal Spring Classic,2025-04-12,Amanda Armenta,Women's Masters (35-39) 87kg,86.1,40,42,44,44,50,53,56,56,100
312560,6828,2025 SoCal Spring Classic,2025-04-12,Jasmine  Viveros,Women's Masters (50-54) 64kg,62.92,34,38,42,42,47,50,52,52,94
312561,6828,2025 SoCal Spring Classic,2025-04-12,Aurora Couto,Open Women's 64kg,60.11,35,-38,38,38,50,53,55,55,93
312562,6828,2025 SoCal Spring Classic,2025-04-12,Elizabeth Johnson,Open Women's 64kg,63.87,40,-42,-42,40,47,50,53,53,93
312563,6828,2025 SoCal Spring Classic,2025-04-12,Sheila Welker,Women's Masters (50-54) 76kg,74.56,34,-36,-37,34,50,53,56,56,90
312564,6828,2025 SoCal Spring Classic,2025-04-12,Vivian Murray,Women's 14-15 Age Group 55kg,54.83,40,-42,-42,40,45,47,49,49,89
312565,6828,2025 SoCal Spring Classic,2025-04-12,Juliana DaSilva,Women's 14-15 Age Group 59kg,58.4,32,36,37,37,45,-48,49,49,86
312566,6828,2025 SoCal Spring Classic,2025-04-12,Kimberly Rios Newberry,Junior Women's 59kg,56.5,30,34,36,36,46,49,-52,49,85
312567,6828,2025 SoCal Spring Classic,2025-04-12,Melany Thompson,Women's Masters (35-39) 55kg,52.71,32,35,36,36,48,-52,-53,48,84
312568,6828,2025 SoCal Spring Classic,2025-04-12,Annika Carlson,Women's 14-15 Age Group 64kg,59.61,30,32,33,33,45,48,50,50,83
312569,6828,2025 SoCal Spring Classic,2025-04-12,Kira Reynolds,Women's 13 Under Age Group 49kg,45.98,22,24,26,26,32,34,36,36,62
312570,6828,2025 SoCal Spring Classic,2025-04-12,Mark Murray,Men's 13 Under Age Group 39kg,36.48,23,25,27,27,27,30,32,32,59
312571,6828,2025 SoCal Spring Classic,2025-04-12,Evin Nathan  Rager,Men's 13 Under Age Group 36kg,32.34,20,22,24,24,27,30,32,32,56
312572,6828,2025 SoCal Spring Classic,2025-04-12,Adeleyna  Navarro,Junior Women's 76kg,72.2,-47,-47,-47,0,59,61,64,64,0
312573,6828,2025 SoCal Spring Classic,2025-04-12,Alexander Souvall,Open Men's 81kg,80.57,-111,-111,-118,0,140,146,-151,146,0
312574,6828,2025 SoCal Spring Classic,2025-04-12,Sayuri Yoshimura,Open Women's 55kg,52.64,-62,-64,-64,0,72,74,76,76,0
312575,6827,Come To The Dark Side,2025-04-12,Brian Carr,Men's Masters (35-39) 109kg,107,110,115,120,120,135,142,-147,142,262
312576,6827,Come To The Dark Side,2025-04-12,Patrick Trout,Men's Masters (35-39) 96kg,92.7,-75,75,-80,75,105,110,115,115,190
312577,6827,Come To The Dark Side,2025-04-12,Darin Dehle,Men's Masters (55-59) 96kg,93.51,71,74,-77,74,95,-100,-102,95,169
312578,6827,Come To The Dark Side,2025-04-12,Caroline Williams,Women's Masters (35-39) 87kg,81.5,69,71,73,73,83,87,90,90,163
312579,6827,Come To The Dark Side,2025-04-12,Chelsea Hopkins,Women's Masters (45-49) +87kg,106.2,59,-62,-65,59,87,90,95,95,154
312580,6827,Come To The Dark Side,2025-04-12,Bryant Charles,Men's 14-15 Age Group +89kg,95.7,60,63,65,65,73,76,80,80,145
312581,6827,Come To The Dark Side,2025-04-12,Michelle Alexander,Women's Masters (40-44) +87kg,132.6,45,47,-49,47,60,63,0,63,110
312582,6827,Come To The Dark Side,2025-04-12,Willow Ryan,Women's Masters (45-49) 81kg,77.4,35,37,-40,37,43,46,49,49,86
312583,6827,Come To The Dark Side,2025-04-12,Finley Brewer,Men's 13 Under Age Group +73kg,89.8,25,28,30,30,35,38,40,40,70
312584,6827,Come To The Dark Side,2025-04-12,Soren Artman,Men's 14-15 Age Group 73kg,70.9,25,27,28,28,32,36,39,39,67
312585,6827,Come To The Dark Side,2025-04-12,Lily Deibert,Women's 13 Under Age Group 55kg,49.4,20,22,23,23,25,27,30,30,53
312586,6827,Come To The Dark Side,2025-04-12,Gabriella  Lopez,Women's 13 Under Age Group +64kg,65.3,20,-22,22,22,25,26,27,27,49
312587,6826,2025 Pennsylvania-West Virginia WSO Championship,2025-04-12,Dimitri Albury,Open Men's +109kg,163.55,135,141,145,145,-170,173,180,180,325
312588,6826,2025 Pennsylvania-West Virginia WSO Championship,2025-04-12,Luke Shamberger,Open Men's 102kg,100.11,-134,135,141,141,148,153,159,159,300
312589,6826,2025 Pennsylvania-West Virginia WSO Championship,2025-04-12,Vinnie Hoffman,Open Men's 89kg,85.58,121,124,127,127,158,162,165,165,292
312590,6826,2025 Pennsylvania-West Virginia WSO Championship,2025-04-12,Harrison Ogbewe,Open Men's 81kg,79.73,97,101,-104,101,117,121,125,125,226
312591,6826,2025 Pennsylvania-West Virginia WSO Championship,2025-04-12,Luke Sterns,Junior Men's 67kg,66.45,88,92,96,96,108,116,120,120,216
312592,6826,2025 Pennsylvania-West Virginia WSO Championship,2025-04-12,Mark Harvey,Men's Masters (35-39) 96kg,92.95,92,-96,96,96,115,119,-124,119,215
312593,6826,2025 Pennsylvania-West Virginia WSO Championship,2025-04-12,Luke Griesser,Men's 16-17 Age Group 81kg,76.67,80,85,90,90,105,110,115,115,205
312594,6826,2025 Pennsylvania-West Virginia WSO Championship,2025-04-12,Kevin Rojek,Men's Masters (55-59) 102kg,99.51,82,86,90,90,100,108,112,112,202
312595,6826,2025 Pennsylvania-West Virginia WSO Championship,2025-04-12,MICHAEL FICKLEY,Men's Masters (35-39) 102kg,99.08,80,85,-90,85,110,116,-122,116,201
312596,6826,2025 Pennsylvania-West Virginia WSO Championship,2025-04-12,Bryce Deeghan,Junior Men's 81kg,76.28,88,92,96,96,100,103,-106,103,199
312597,6826,2025 Pennsylvania-West Virginia WSO Championship,2025-04-12,Scott Gonzalez,Men's Masters (40-44) 73kg,71.02,83,88,92,92,99,-103,103,103,195
312598,6826,2025 Pennsylvania-West Virginia WSO Championship,2025-04-12,Rustico Mirasol,Men's Masters (50-54) 81kg,76.65,-73,75,80,80,95,103,-108,103,183
312599,6826,2025 Pennsylvania-West Virginia WSO Championship,2025-04-12,Franz Blanchard,Men's Masters (40-44) +109kg,118.34,71,75,77,77,95,100,105,105,182
312600,6826,2025 Pennsylvania-West Virginia WSO Championship,2025-04-12,Kerryn Havermale,Women's Masters (35-39) +87kg,110.55,68,71,74,74,92,96,99,99,173
312601,6826,2025 Pennsylvania-West Virginia WSO Championship,2025-04-12,Kathryn Rose,Open Women's 59kg,58.71,74,-77,-78,74,-98,98,-102,98,172
312602,6826,2025 Pennsylvania-West Virginia WSO Championship,2025-04-12,gretchen messner,Open Women's 64kg,60.51,75,78,-80,78,-90,90,93,93,171
312603,6826,2025 Pennsylvania-West Virginia WSO Championship,2025-04-12,Jackie Griswold,Women's Masters (35-39) 87kg,83.8,65,69,73,73,85,91,-97,91,164
312604,6826,2025 Pennsylvania-West Virginia WSO Championship,2025-04-12,Martina Kampel,Open Women's 87kg,83.18,67,70,73,73,84,88,-90,88,161
312605,6826,2025 Pennsylvania-West Virginia WSO Championship,2025-04-12,Michael Clark,Men's Masters (45-49) +109kg,110.2,65,70,75,75,75,80,85,85,160
312606,6826,2025 Pennsylvania-West Virginia WSO Championship,2025-04-12,Sam Barr,Men's Masters (50-54) 73kg,68.35,64,69,71,71,81,85,89,89,160
312607,6826,2025 Pennsylvania-West Virginia WSO Championship,2025-04-12,Maryam Grafton,Women's 14-15 Age Group 59kg,55.33,60,63,66,66,77,80,82,82,148
312608,6826,2025 Pennsylvania-West Virginia WSO Championship,2025-04-12,Aidan Griesser,Men's 14-15 Age Group 67kg,62.73,58,62,-67,62,78,83,85,85,147
312609,6826,2025 Pennsylvania-West Virginia WSO Championship,2025-04-12,Annabel Kaufman,Open Women's 76kg,72.33,60,63,-65,63,77,80,83,83,146
312610,6826,2025 Pennsylvania-West Virginia WSO Championship,2025-04-12,Azora Riggle,Junior Women's 59kg,58.93,58,60,62,62,80,84,-88,84,146
312611,6826,2025 Pennsylvania-West Virginia WSO Championship,2025-04-12,Hugo Rivera,Open Men's 55kg,54.91,60,65,-68,65,-80,-80,80,80,145
312612,6826,2025 Pennsylvania-West Virginia WSO Championship,2025-04-12,Felicia Bright,Women's Masters (35-39) 81kg,81,56,59,61,61,84,-87,-87,84,145
312613,6826,2025 Pennsylvania-West Virginia WSO Championship,2025-04-12,Rachel Oakley,Open Women's +87kg,106.3,57,60,62,62,75,78,81,81,143
312614,6826,2025 Pennsylvania-West Virginia WSO Championship,2025-04-12,Brittley  Ball,Open Women's +87kg,111.48,-58,-58,58,58,85,-88,-88,85,143
312615,6826,2025 Pennsylvania-West Virginia WSO Championship,2025-04-12,Laney Yost,Open Women's 55kg,50.88,57,60,-63,60,74,77,80,80,140
312616,6826,2025 Pennsylvania-West Virginia WSO Championship,2025-04-12,Makayla Cogan,Open Women's 59kg,57.1,64,-67,-70,64,73,-88,-88,73,137
312617,6826,2025 Pennsylvania-West Virginia WSO Championship,2025-04-12,Santina Schiaretta,Open Women's 71kg,68.86,55,58,-62,58,69,73,78,78,136
312618,6826,2025 Pennsylvania-West Virginia WSO Championship,2025-04-12,paige vallei,Open Women's 87kg,84.54,55,57,-60,57,73,76,78,78,135
312619,6826,2025 Pennsylvania-West Virginia WSO Championship,2025-04-12,BELEN VICTORIA LANDAEZ ROA,Women's 13 Under Age Group 64kg,60.92,55,58,-61,58,72,-75,76,76,134
312620,6826,2025 Pennsylvania-West Virginia WSO Championship,2025-04-12,Alisa Bach,Open Women's 64kg,61.65,48,50,53,53,65,69,73,73,126
312621,6826,2025 Pennsylvania-West Virginia WSO Championship,2025-04-12,Vincent Betette,Men's Masters (45-49) 89kg,81.42,50,53,56,56,60,63,65,65,121
312622,6826,2025 Pennsylvania-West Virginia WSO Championship,2025-04-12,Mckenzie Pauli,Women's 16-17 Age Group +81kg,83.86,46,50,55,55,60,65,-71,65,120
312623,6826,2025 Pennsylvania-West Virginia WSO Championship,2025-04-12,Alaina Bridgeman,Junior Women's 76kg,73.24,-46,46,49,49,58,62,65,65,114
312624,6826,2025 Pennsylvania-West Virginia WSO Championship,2025-04-12,Tyra Hosfelt,Open Women's 71kg,70.96,45,47,49,49,61,63,-65,63,112
312625,6826,2025 Pennsylvania-West Virginia WSO Championship,2025-04-12,Andie Kephart,Women's 14-15 Age Group +76kg,85.45,47,49,51,51,55,58,61,61,112
312626,6826,2025 Pennsylvania-West Virginia WSO Championship,2025-04-12,ALAN CANIGLIA,Men's Masters (65-69) 81kg,78.38,41,44,47,47,58,62,-65,62,109
312627,6826,2025 Pennsylvania-West Virginia WSO Championship,2025-04-12,Korinne Piper,Open Women's 64kg,62.15,43,45,-47,45,59,62,-65,62,107
312628,6826,2025 Pennsylvania-West Virginia WSO Championship,2025-04-12,Catherine Field,Open Women's 76kg,75.12,40,43,46,46,52,57,60,60,106
312629,6826,2025 Pennsylvania-West Virginia WSO Championship,2025-04-12,Alyssa Burgmaster,Open Women's +87kg,101.31,35,38,40,40,45,48,52,52,92
312630,6826,2025 Pennsylvania-West Virginia WSO Championship,2025-04-12,Allen Ruckert,Men's 14-15 Age Group 55kg,50.92,36,40,-43,40,48,51,-56,51,91
312631,6826,2025 Pennsylvania-West Virginia WSO Championship,2025-04-12,David Grafton,Men's 13 Under Age Group 39kg,37.91,35,37,39,39,46,48,50,50,89
312632,6826,2025 Pennsylvania-West Virginia WSO Championship,2025-04-12,Andi Roland,Women's 14-15 Age Group 71kg,65.44,33,35,37,37,44,46,48,48,85
312633,6826,2025 Pennsylvania-West Virginia WSO Championship,2025-04-12,Addyson Croll,Women's 16-17 Age Group +81kg,83.35,35,-38,-38,35,45,48,-50,48,83
312634,6826,2025 Pennsylvania-West Virginia WSO Championship,2025-04-12,Arianna Meade,Junior Women's 71kg,65.24,33,35,-37,35,43,45,47,47,82
312635,6826,2025 Pennsylvania-West Virginia WSO Championship,2025-04-12,Alena Griesser,Women's 13 Under Age Group 40kg,37.26,27,-32,-36,27,38,42,-46,42,69
312636,6826,2025 Pennsylvania-West Virginia WSO Championship,2025-04-12,Wyatt Graeffe,Men's 13 Under Age Group 32kg,31.82,25,27,30,30,28,30,32,32,62
312637,6826,2025 Pennsylvania-West Virginia WSO Championship,2025-04-12,Alayna Ruckert,Women's 13 Under Age Group 55kg,49.72,23,26,-29,26,26,29,31,31,57
312638,6826,2025 Pennsylvania-West Virginia WSO Championship,2025-04-12,Julianna  Snyder,Women's 13 Under Age Group 45kg,40.3,20,22,24,24,27,29,32,32,56
312639,6826,2025 Pennsylvania-West Virginia WSO Championship,2025-04-12,Mason Koroll,Men's 13 Under Age Group 39kg,36.45,19,21,-23,21,23,25,28,28,49
312640,6826,2025 Pennsylvania-West Virginia WSO Championship,2025-04-12,Edward Quillin,Junior Men's 109kg,102.27,-130,-130,-130,0,160,-165,-170,160,0
312641,6826,2025 Pennsylvania-West Virginia WSO Championship,2025-04-12,Jude Koehle,Open Men's 96kg,94.51,-98,-100,-100,0,119,122,126,126,0
312642,6825,2025 Larry Mintz Memorial,2024-04-12,Dean Otsuka,Men's Masters (35-39) 67kg,64.9,98,102,105,105,118,125,130,130,235
312643,6825,2025 Larry Mintz Memorial,2024-04-12,Robinpreet Dhillon,Open Men's 102kg,98.65,95,100,-105,100,120,-125,-125,120,220
312644,6825,2025 Larry Mintz Memorial,2024-04-12,Milo Janata,Junior Men's 102kg,99.5,90,-95,95,95,110,116,120,120,215
312645,6825,2025 Larry Mintz Memorial,2024-04-12,Daniel Tymus,Open Men's 109kg,105.8,87,-92,-93,87,122,126,0,126,213
312646,6825,2025 Larry Mintz Memorial,2024-04-12,Juliann Gabriel Poserio,Open Men's 67kg,66.15,90,-95,-95,90,105,-110,-110,105,195
312647,6825,2025 Larry Mintz Memorial,2024-04-12,Sosara Ma,Open Women's 76kg,75.25,65,69,73,73,81,86,-91,86,159
312648,6825,2025 Larry Mintz Memorial,2024-04-12,Matthew Emer,Men's 16-17 Age Group 89kg,83.75,54,58,60,60,78,-82,-82,78,138
312649,6825,2025 Larry Mintz Memorial,2024-04-12,Frank Mintz,Men's 16-17 Age Group 96kg,93.65,47,50,52,52,67,71,75,75,127
312650,6825,2025 Larry Mintz Memorial,2024-04-12,Grace Wang,Junior Women's +87kg,88.65,55,58,-61,58,64,68,-73,68,126
312651,6825,2025 Larry Mintz Memorial,2024-04-12,Samson Malakov,Men's 16-17 Age Group 73kg,69.15,47,-49,-50,47,-67,67,70,70,117
312652,6825,2025 Larry Mintz Memorial,2024-04-12,Yair Malakov,Men's 16-17 Age Group 73kg,70.3,41,45,-48,45,60,63,67,67,112
312653,6825,2025 Larry Mintz Memorial,2024-04-12,Lydia Seiling,Open Women's 59kg,59,43,46,49,49,60,63,-66,63,112
312654,6825,2025 Larry Mintz Memorial,2024-04-12,Aaron Li,Men's 16-17 Age Group 67kg,65.3,40,45,-48,45,58,64,-68,64,109
312655,6825,2025 Larry Mintz Memorial,2024-04-12,Omar Estevez,Open Men's 96kg,89.75,35,-40,42,42,50,55,65,65,107
312656,6825,2025 Larry Mintz Memorial,2024-04-12,Ashley Visconti,Open Women's 64kg,62.8,40,43,45,45,53,55,58,58,103
312657,6825,2025 Larry Mintz Memorial,2024-04-12,Nirupama Angira,Open Women's 76kg,71.45,35,39,43,43,50,55,-60,55,98
312658,6825,2025 Larry Mintz Memorial,2024-04-12,Ava Gripp,Open Women's +87kg,100.7,42,-48,-48,42,51,56,-60,56,98
312659,6825,2025 Larry Mintz Memorial,2024-04-12,Gerard Dunne,Men's Masters (75-79) 73kg,72.15,41,43,-44,43,53,-57,-57,53,96
312660,6825,2025 Larry Mintz Memorial,2024-04-12,Angelina Mintz,Junior Women's 49kg,47,30,33,35,35,38,41,44,44,79
312661,6825,2025 Larry Mintz Memorial,2024-04-12,Jennifer Chacon Herrador,Open Women's 55kg,53.6,28,30,-32,30,42,44,-46,44,74
312662,6825,2025 Larry Mintz Memorial,2024-04-12,Shawna Khuu,Junior Women's 55kg,50.7,-26,26,-29,26,39,41,43,43,69
312663,6825,2025 Larry Mintz Memorial,2024-04-12,Linda Reesman,Women's Masters (75+) 64kg,62.65,24,26,28,28,34,36,38,38,66
312664,6825,2025 Larry Mintz Memorial,2024-04-12,Kathleen Porter,Women's Masters (55-59) 81kg,78.05,23,25,-27,25,32,35,37,37,62
312665,6825,2025 Larry Mintz Memorial,2024-04-12,Elijah Malakov,Men's 13 Under Age Group 44kg,41.1,12,15,-18,15,16,19,22,22,37
312666,6825,2025 Larry Mintz Memorial,2024-04-12,Stephan Julien,Open Men's 102kg,98.4,83,87,-92,87,-108,-108,-111,0,0
312667,6824,Hassle Free Barbell Spring Open,2025-04-12,Joshua Uikilifi,Open Men's 109kg,103.9,135,140,145,145,165,170,175,175,320
312668,6824,Hassle Free Barbell Spring Open,2025-04-12,sikoti manumua,Open Men's +109kg,150.1,134,138,140,140,150,158,167,167,307
312669,6824,Hassle Free Barbell Spring Open,2025-04-12,Jeffy Li,Open Men's 89kg,83.15,-120,120,-124,120,150,154,158,158,278
312670,6824,Hassle Free Barbell Spring Open,2025-04-12,Rucker Johnson,Open Men's 81kg,76.5,120,-125,-125,120,-140,-140,142,142,262
312671,6824,Hassle Free Barbell Spring Open,2025-04-12,Robert Whitlock,Open Men's 81kg,80.8,110,-114,114,114,137,142,-146,142,256
312672,6824,Hassle Free Barbell Spring Open,2025-04-12,Jared Ambrosio,Open Men's 89kg,85.2,102,107,111,111,137,142,-147,142,253
312673,6824,Hassle Free Barbell Spring Open,2025-04-12,Patrick Tangphao,Open Men's 96kg,95,105,-110,115,115,125,130,135,135,250
312674,6824,Hassle Free Barbell Spring Open,2025-04-12,Ryan Padron,Open Men's 81kg,75,103,106,109,109,140,-144,-144,140,249
312675,6824,Hassle Free Barbell Spring Open,2025-04-12,Marvin Santos,Open Men's 81kg,75.9,103,106,-109,106,135,138,-141,138,244
312676,6824,Hassle Free Barbell Spring Open,2025-04-12,Dan Zeng,Open Men's 89kg,85.9,-100,100,104,104,120,126,132,132,236
312677,6824,Hassle Free Barbell Spring Open,2025-04-12,Jeshua Ambrosio,Open Men's 89kg,88,91,96,-100,96,132,136,-140,136,232
312678,6824,Hassle Free Barbell Spring Open,2025-04-12,James Woodley,Open Men's 73kg,71,101,104,-106,104,128,-132,-132,128,232
312679,6824,Hassle Free Barbell Spring Open,2025-04-12,Dwayne Deang,Open Men's 81kg,78.9,96,100,-104,100,126,131,-135,131,231
312680,6824,Hassle Free Barbell Spring Open,2025-04-12,Telesforo Dacanay,Open Men's 81kg,80.1,-100,100,101,101,123,126,-130,126,227
312681,6824,Hassle Free Barbell Spring Open,2025-04-12,Marek Sabata,Open Men's 96kg,89.1,103,106,-108,106,120,-124,-125,120,226
312682,6824,Hassle Free Barbell Spring Open,2025-04-12,Matthew Yung,Open Men's 67kg,64.95,-97,97,101,101,123,-128,-129,123,224
312683,6824,Hassle Free Barbell Spring Open,2025-04-12,Elijah Wedlow,Open Men's 96kg,91.5,90,94,-98,94,122,127,-132,127,221
312684,6824,Hassle Free Barbell Spring Open,2025-04-12,Jackson Maschoff,Open Men's 96kg,95.2,90,95,100,100,115,121,-126,121,221
312685,6824,Hassle Free Barbell Spring Open,2025-04-12,Brendan Quock,Open Men's 89kg,88,93,96,100,100,113,117,121,121,221
312686,6824,Hassle Free Barbell Spring Open,2025-04-12,Alex Edwards-Hastings,Open Men's 89kg,87.35,88,92,-96,92,120,125,-129,125,217
312687,6824,Hassle Free Barbell Spring Open,2025-04-12,Henry Cao,Open Men's 89kg,87.05,87,90,-93,90,118,-122,124,124,214
312688,6824,Hassle Free Barbell Spring Open,2025-04-12,Razmig Shahvekilian,Open Men's 67kg,66.8,88,91,-94,91,118,121,-125,121,212
312689,6824,Hassle Free Barbell Spring Open,2025-04-12,Hermann Ortega,Open Men's 109kg,102.75,84,88,93,93,110,115,118,118,211
312690,6824,Hassle Free Barbell Spring Open,2025-04-12,Yifu Xiao,Open Men's 89kg,85.2,95,-97,-98,95,113,-115,-115,113,208
312691,6824,Hassle Free Barbell Spring Open,2025-04-12,Elliot Leet,Men's 16-17 Age Group 102kg,97.7,77,80,83,83,110,115,118,118,201
312692,6824,Hassle Free Barbell Spring Open,2025-04-12,Sam Butarbutar,Open Men's 81kg,76,85,-88,88,88,-111,-111,111,111,199
312693,6824,Hassle Free Barbell Spring Open,2025-04-12,Josh Hayden,Open Men's 89kg,83.8,80,83,85,85,105,108,111,111,196
312694,6824,Hassle Free Barbell Spring Open,2025-04-12,Ryan Lau,Open Men's 81kg,78,70,83,-88,83,100,105,110,110,193
312695,6824,Hassle Free Barbell Spring Open,2025-04-12,Idn Wade-Curiel,Men's 16-17 Age Group 81kg,75.95,84,88,-92,88,95,100,105,105,193
312696,6824,Hassle Free Barbell Spring Open,2025-04-12,Richard Tia,Open Men's 81kg,78.3,84,87,-90,87,101,104,-106,104,191
312697,6824,Hassle Free Barbell Spring Open,2025-04-12,Blake Daylor,Open Men's 81kg,79.2,76,79,-82,79,105,110,-117,110,189
312698,6824,Hassle Free Barbell Spring Open,2025-04-12,Owen Yama,Open Men's 67kg,64.9,81,-84,84,84,102,104,-106,104,188
312699,6824,Hassle Free Barbell Spring Open,2025-04-12,Billy McKinzey,Open Men's 81kg,81,73,76,80,80,100,105,107,107,187
312700,6824,Hassle Free Barbell Spring Open,2025-04-12,Chris Gu,Open Men's 73kg,70,77,80,83,83,98,101,104,104,187
312701,6824,Hassle Free Barbell Spring Open,2025-04-12,James Escobar,Open Men's 81kg,81,-90,90,-95,90,95,-100,-100,95,185
312702,6824,Hassle Free Barbell Spring Open,2025-04-12,Kevin Kraft,Open Men's 102kg,99.9,-70,70,73,73,100,105,110,110,183
312703,6824,Hassle Free Barbell Spring Open,2025-04-12,Amanda Pacheco,Open Women's 64kg,63.45,74,77,-80,77,99,-103,103,103,180
312704,6824,Hassle Free Barbell Spring Open,2025-04-12,Joshua Limtiaco,Open Men's 96kg,91.75,79,74,-78,79,90,99,-103,99,178
312705,6824,Hassle Free Barbell Spring Open,2025-04-12,Erik Gonzalez,Open Men's 73kg,71,70,-75,75,75,102,-107,-110,102,177
312706,6824,Hassle Free Barbell Spring Open,2025-04-12,Katie Jones,Open Women's 64kg,63,-75,75,-80,75,100,-104,-104,100,175
312707,6824,Hassle Free Barbell Spring Open,2025-04-12,Hunter Wolfe,Open Men's 96kg,94.05,68,72,75,75,93,97,100,100,175
312708,6824,Hassle Free Barbell Spring Open,2025-04-12,Jordann Haley,Open Men's +109kg,146,70,73,78,78,95,-100,-100,95,173
312709,6824,Hassle Free Barbell Spring Open,2025-04-12,Sepiuta Tuakalau Paea,Open Women's 87kg,86.05,73,-76,76,76,88,91,94,94,170
312710,6824,Hassle Free Barbell Spring Open,2025-04-12,Gary Alinea,Open Men's 89kg,82.7,78,81,-84,81,-88,88,-92,88,169
312711,6824,Hassle Free Barbell Spring Open,2025-04-12,Meghan Plambeck,Open Women's 71kg,65.5,-74,74,-77,74,90,94,-98,94,168
312712,6824,Hassle Free Barbell Spring Open,2025-04-12,Elizabeth Leahy,Open Women's 71kg,64.7,69,73,76,76,84,88,92,92,168
312713,6824,Hassle Free Barbell Spring Open,2025-04-12,Osvaldo Garcia,Open Men's 67kg,66.5,-70,73,77,77,90,-96,-96,90,167
312714,6824,Hassle Free Barbell Spring Open,2025-04-12,Katianna Parisis,Open Women's +87kg,90.45,68,-71,-71,68,93,-97,98,98,166
312715,6824,Hassle Free Barbell Spring Open,2025-04-12,chase thornhill,Open Men's 89kg,86,66,-68,68,68,91,95,98,98,166
312716,6824,Hassle Free Barbell Spring Open,2025-04-12,ERICK RANGEL,Open Men's 81kg,76.75,75,78,-82,78,82,-85,85,85,163
312717,6824,Hassle Free Barbell Spring Open,2025-04-12,Mark Cabunoc,Open Men's 96kg,90.8,67,70,-73,70,93,-96,-97,93,163
312718,6824,Hassle Free Barbell Spring Open,2025-04-12,Victor Fernandez-Kim,Open Men's 89kg,85.3,-70,70,-73,70,90,-94,-96,90,160
312719,6824,Hassle Free Barbell Spring Open,2025-04-12,Eleanor Cler,Open Women's +87kg,108.3,-65,65,69,69,84,88,-91,88,157
312720,6824,Hassle Free Barbell Spring Open,2025-04-12,Kira Barad,Junior Women's +87kg,95.1,62,65,68,68,80,83,86,86,154
312721,6824,Hassle Free Barbell Spring Open,2025-04-12,Kara Doherty,Open Women's 87kg,82.7,65,68,71,71,78,80,83,83,154
312722,6824,Hassle Free Barbell Spring Open,2025-04-12,Ron Osenbaugh,Open Men's 89kg,88,58,61,64,64,80,85,90,90,154
312723,6824,Hassle Free Barbell Spring Open,2025-04-12,Ezekiel Tolentino,Men's 16-17 Age Group 67kg,64.8,60,65,70,70,83,0,0,83,153
312724,6824,Hassle Free Barbell Spring Open,2025-04-12,liam gargan,Men's 14-15 Age Group 67kg,61.1,63,-66,66,66,83,87,-90,87,153
312725,6824,Hassle Free Barbell Spring Open,2025-04-12,Kevin Taylor,Open Men's +109kg,109.45,62,64,66,66,-82,82,84,84,150
312726,6824,Hassle Free Barbell Spring Open,2025-04-12,Andrew Rambaran,Junior Men's 67kg,64.5,63,66,70,70,70,75,80,80,150
312727,6824,Hassle Free Barbell Spring Open,2025-04-12,Michael Busby,Open Men's 81kg,80.95,60,-63,63,63,80,-85,85,85,148
312728,6824,Hassle Free Barbell Spring Open,2025-04-12,Charles Hespen,Open Men's 89kg,81.15,60,62,-64,62,80,86,-90,86,148
312729,6824,Hassle Free Barbell Spring Open,2025-04-12,Alyssa Hines,Women's 14-15 Age Group 76kg,73.9,60,-63,-65,60,80,83,86,86,146
312730,6824,Hassle Free Barbell Spring Open,2025-04-12,Issaias Cruz,Men's 16-17 Age Group 102kg,101.4,63,67,70,70,65,70,75,75,145
312731,6824,Hassle Free Barbell Spring Open,2025-04-12,Samantha Kershner,Open Women's 71kg,66.65,54,57,60,60,75,78,81,81,141
312732,6824,Hassle Free Barbell Spring Open,2025-04-12,Sydney Uyeda,Open Women's 87kg,83,-62,62,-65,62,72,75,78,78,140
312733,6824,Hassle Free Barbell Spring Open,2025-04-12,Jason Vallot,Open Men's 96kg,91.9,60,-62,-62,60,75,-86,-86,75,135
312734,6824,Hassle Free Barbell Spring Open,2025-04-12,Ashley Hovis,Open Women's 76kg,71.5,60,-62,-62,60,70,-73,73,73,133
312735,6824,Hassle Free Barbell Spring Open,2025-04-12,Rachel Saenz,Open Women's 76kg,73,-50,50,56,56,63,67,74,74,130
312736,6824,Hassle Free Barbell Spring Open,2025-04-12,Ariana Canalez,Open Women's +87kg,98.75,48,50,-53,50,-76,76,78,78,128
312737,6824,Hassle Free Barbell Spring Open,2025-04-12,Jennifer  Anderson,Open Women's 76kg,72.35,55,58,-60,58,67,70,-72,70,128
312738,6824,Hassle Free Barbell Spring Open,2025-04-12,JW Gurtis,Open Men's 96kg,95.2,52,55,58,58,63,67,70,70,128
312739,6824,Hassle Free Barbell Spring Open,2025-04-12,Carlo Cardilli,Open Men's 89kg,81.1,52,54,56,56,-69,69,72,72,128
312740,6824,Hassle Free Barbell Spring Open,2025-04-12,Katea  Puamau,Women's 14-15 Age Group +76kg,102.5,47,50,54,54,68,71,73,73,127
312741,6824,Hassle Free Barbell Spring Open,2025-04-12,Maria Jasmin Donohue,Open Women's 81kg,76.15,-53,53,56,56,60,65,69,69,125
312742,6824,Hassle Free Barbell Spring Open,2025-04-12,Gian Hurtado,Men's 16-17 Age Group 61kg,57.2,53,56,-58,56,62,65,68,68,124
312743,6824,Hassle Free Barbell Spring Open,2025-04-12,Susanna Hintergardt,Open Women's 87kg,81.95,57,59,-62,59,61,64,-70,64,123
312744,6824,Hassle Free Barbell Spring Open,2025-04-12,Carly Long,Open Women's 71kg,70.1,51,53,55,55,65,-67,67,67,122
312745,6824,Hassle Free Barbell Spring Open,2025-04-12,Kaya Malia Henn,Women's 14-15 Age Group 49kg,48.15,48,50,52,52,63,66,68,68,120
312746,6824,Hassle Free Barbell Spring Open,2025-04-12,Jared Afu,Men's 13 Under Age Group +73kg,74.1,47,50,52,52,60,63,65,65,117
312747,6824,Hassle Free Barbell Spring Open,2025-04-12,Raiden Lacap,Men's 14-15 Age Group 81kg,73.5,42,45,48,48,65,-69,69,69,117
312748,6824,Hassle Free Barbell Spring Open,2025-04-12,Rebecca Chow,Open Women's 59kg,58.6,-51,51,-54,51,65,-68,-69,65,116
312749,6824,Hassle Free Barbell Spring Open,2025-04-12,Griffin Arena,Men's 16-17 Age Group 61kg,57.5,46,48,50,50,61,63,65,65,115
312750,6824,Hassle Free Barbell Spring Open,2025-04-12,Monica Motta,Open Women's 71kg,65.65,45,48,50,50,59,62,64,64,114
312751,6824,Hassle Free Barbell Spring Open,2025-04-12,zaina mrabe,Women's 16-17 Age Group 71kg,65.4,47,49,51,51,55,58,61,61,112
312752,6824,Hassle Free Barbell Spring Open,2025-04-12,Noah Junsay,Open Men's 55kg,46.75,47,-50,-50,47,58,61,64,64,111
312753,6824,Hassle Free Barbell Spring Open,2025-04-12,Alexia Mrabe,Women's 16-17 Age Group 64kg,62.9,44,48,50,50,55,58,60,60,110
312754,6824,Hassle Free Barbell Spring Open,2025-04-12,Joanna Mangiante,Open Women's 81kg,77.4,42,44,47,47,57,-60,61,61,108
312755,6824,Hassle Free Barbell Spring Open,2025-04-12,Annie Sawyer,Open Women's 55kg,52.35,41,43,45,45,60,62,-64,62,107
312756,6824,Hassle Free Barbell Spring Open,2025-04-12,Michelle Wu,Open Women's 64kg,59.3,45,47,48,48,57,-59,59,59,107
312757,6824,Hassle Free Barbell Spring Open,2025-04-12,Yuwei Yang,Open Women's 64kg,62.8,42,-45,45,45,58,60,-62,60,105
312758,6824,Hassle Free Barbell Spring Open,2025-04-12,Michelle Kaiser,Open Women's 71kg,67.4,41,43,45,45,55,57,60,60,105
312759,6824,Hassle Free Barbell Spring Open,2025-04-12,Yuanyuan Zhou,Open Women's 59kg,57.6,42,-44,45,45,57,59,-62,59,104
312760,6824,Hassle Free Barbell Spring Open,2025-04-12,Eve Li,Open Women's 59kg,56.85,41,43,45,45,52,55,-56,55,100
312761,6824,Hassle Free Barbell Spring Open,2025-04-12,Skylar  Fernandes,Open Women's 49kg,47,40,43,-45,43,50,53,56,56,99
312762,6824,Hassle Free Barbell Spring Open,2025-04-12,Makennah Goh,Open Women's 55kg,53.2,38,41,43,43,48,52,55,55,98
312763,6824,Hassle Free Barbell Spring Open,2025-04-12,Taylor Madlansacay,Women's 13 Under Age Group 64kg,59.75,35,39,43,43,50,53,55,55,98
312764,6824,Hassle Free Barbell Spring Open,2025-04-12,Jodie Kubota,Open Women's 64kg,64,41,-42,43,43,51,-53,53,53,96
312765,6824,Hassle Free Barbell Spring Open,2025-04-12,Dylan Lee,Women's 14-15 Age Group 55kg,53,35,38,-40,38,52,55,-57,55,93
312766,6824,Hassle Free Barbell Spring Open,2025-04-12,Amaya Huipe Hernandez,Women's 13 Under Age Group +64kg,68.9,35,38,41,41,48,50,52,52,93
312767,6824,Hassle Free Barbell Spring Open,2025-04-12,Kayla Doherty,Women's 13 Under Age Group 64kg,59.9,35,37,39,39,48,51,53,53,92
312768,6824,Hassle Free Barbell Spring Open,2025-04-12,Marium Holland,Open Women's 76kg,71.55,35,38,-40,38,38,45,50,50,88
312769,6824,Hassle Free Barbell Spring Open,2025-04-12,Neha Parnandi,Open Women's 76kg,74.85,35,38,40,40,45,48,-50,48,88
312770,6824,Hassle Free Barbell Spring Open,2025-04-12,Brian Choy,Men's 16-17 Age Group 81kg,80.2,30,32,-34,32,50,-53,53,53,85
312771,6824,Hassle Free Barbell Spring Open,2025-04-12,jhocelyn garcia,Open Women's 59kg,58.6,29,31,34,34,38,45,50,50,84
312772,6824,Hassle Free Barbell Spring Open,2025-04-12,Darla Abdolhosseini,Open Women's +87kg,88.75,30,32,35,35,42,45,48,48,83
312773,6824,Hassle Free Barbell Spring Open,2025-04-12,Charlotte Sullivan,Women's 13 Under Age Group 45kg,42.5,31,33,35,35,42,45,-48,45,80
312774,6824,Hassle Free Barbell Spring Open,2025-04-12,Kayden Doherty,Men's 13 Under Age Group 49kg,45,31,-33,-35,31,44,46,48,48,79
312775,6824,Hassle Free Barbell Spring Open,2025-04-12,Layla Johnson,Women's 13 Under Age Group 40kg,36.5,28,30,32,32,40,43,45,45,77
312776,6824,Hassle Free Barbell Spring Open,2025-04-12,Eesha Pallath,Women's 13 Under Age Group 59kg,55.7,28,30,-32,30,40,-43,-43,40,70
312777,6824,Hassle Free Barbell Spring Open,2025-04-12,Meleoni Afu,Women's 13 Under Age Group 59kg,57.6,26,28,30,30,35,38,40,40,70
312778,6824,Hassle Free Barbell Spring Open,2025-04-12,Isabella Huipe Hernandez,Women's 13 Under Age Group +64kg,69.8,32,-34,-34,32,35,-38,38,38,70
312779,6824,Hassle Free Barbell Spring Open,2025-04-12,Veisinia Kaho,Women's 13 Under Age Group 64kg,60.2,26,28,-30,28,36,39,41,41,69
312780,6824,Hassle Free Barbell Spring Open,2025-04-12,Diya Vijayaraj,Women's 13 Under Age Group 55kg,53.7,24,26,28,28,35,37,39,39,67
312781,6824,Hassle Free Barbell Spring Open,2025-04-12,Shepard Arena,Men's 13 Under Age Group 39kg,39,23,25,27,27,30,32,34,34,61
312782,6824,Hassle Free Barbell Spring Open,2025-04-12,Clyde Moore,Men's 13 Under Age Group 36kg,33.2,21,22,24,24,30,32,35,35,59
312783,6824,Hassle Free Barbell Spring Open,2025-04-12,Legend Gabourel,Men's 13 Under Age Group 39kg,37.45,20,23,26,26,-30,30,-33,30,56
312784,6824,Hassle Free Barbell Spring Open,2025-04-12,Zayne Gillum,Men's 13 Under Age Group 55kg,49.3,21,-23,23,23,28,30,32,32,55
312785,6824,Hassle Free Barbell Spring Open,2025-04-12,Layla Hafoka,Women's 13 Under Age Group 40kg,37.6,20,-22,22,22,25,28,31,31,53
312786,6824,Hassle Free Barbell Spring Open,2025-04-12,Cianna Heredia,Women's 13 Under Age Group 45kg,41.75,19,20,-21,20,29,-31,31,31,51
312787,6824,Hassle Free Barbell Spring Open,2025-04-12,Everett Lee,Men's 13 Under Age Group 39kg,37.85,18,19,20,20,23,25,27,27,47
312788,6824,Hassle Free Barbell Spring Open,2025-04-12,Santiago Puamau,Men's 13 Under Age Group 55kg,52,15,16,17,17,25,26,27,27,44
312789,6824,Hassle Free Barbell Spring Open,2025-04-12,liam afa,Men's 13 Under Age Group 36kg,32.5,15,16,17,17,-25,25,26,26,43
312790,6824,Hassle Free Barbell Spring Open,2025-04-12,Liliana  Layman,Women's 13 Under Age Group 45kg,43.3,18,-19,19,19,20,21,23,23,42
312791,6824,Hassle Free Barbell Spring Open,2025-04-12,Avery Gillum,Women's 13 Under Age Group 30kg,28.3,14,16,17,17,21,23,25,25,42
312792,6824,Hassle Free Barbell Spring Open,2025-04-12,Christopher Myers,Men's 13 Under Age Group 39kg,38,15,16,17,17,-24,24,25,25,42
312793,6824,Hassle Free Barbell Spring Open,2025-04-12,James Gargan,Men's 13 Under Age Group 49kg,48,15,16,17,17,20,22,23,23,40
312794,6824,Hassle Free Barbell Spring Open,2025-04-12,Joel Flores,Men's 13 Under Age Group 32kg,29,13,15,17,17,17,20,23,23,40
312795,6824,Hassle Free Barbell Spring Open,2025-04-12,Sebastian Flores,Men's 13 Under Age Group 32kg,24.8,13,15,17,17,19,21,23,23,40
312796,6824,Hassle Free Barbell Spring Open,2025-04-12,Mabel  Robinson,Women's 13 Under Age Group 40kg,38.45,13,15,-16,15,20,22,24,24,39
312797,6824,Hassle Free Barbell Spring Open,2025-04-12,Greyson Farr,Men's 13 Under Age Group 32kg,26.5,11,12,14,14,14,16,19,19,33
312798,6824,Hassle Free Barbell Spring Open,2025-04-12,Analea Garity,Women's 13 Under Age Group 30kg,27.1,11,13,14,14,13,15,16,16,30
312799,6824,Hassle Free Barbell Spring Open,2025-04-12,Emilyrose Myers,Women's 13 Under Age Group 30kg,26.8,10,11,12,12,15,17,-19,17,29
312800,6824,Hassle Free Barbell Spring Open,2025-04-12,Brittany Brooks,Open Women's 76kg,75.35,82,85,-87,85,0,0,0,0,0
312801,6824,Hassle Free Barbell Spring Open,2025-04-12,Brooklynn Vella,Women's 13 Under Age Group 40kg,36.6,25,27,28,28,-35,-36,-36,0,0
312802,6823,Grand Valley Strength Games,2025-04-12,Kevin Zybach,Men's Masters (45-49) 89kg,87.5,100,105,110,110,120,130,140,140,250
312803,6823,Grand Valley Strength Games,2025-04-12,Doug Loden,Open Men's 96kg,94.35,100,105,-110,105,110,120,130,130,235
312804,6823,Grand Valley Strength Games,2025-04-12,Colon Langford,Open Men's 89kg,82.9,80,85,90,90,-120,-125,125,125,215
312805,6823,Grand Valley Strength Games,2025-04-12,Christopher Martin,Men's Masters (35-39) 89kg,83.7,60,70,80,80,-100,105,-120,105,185
312806,6823,Grand Valley Strength Games,2025-04-12,Dante Nichols,Open Men's 89kg,82.2,65,-68,68,68,93,98,101,101,169
312807,6823,Grand Valley Strength Games,2025-04-12,Destiny Levin,Open Women's 76kg,74.65,61,64,68,68,79,83,90,90,158
312808,6823,Grand Valley Strength Games,2025-04-12,Deagan Herrera,Junior Men's 102kg,99.7,62,65,68,68,82,-85,85,85,153
312809,6823,Grand Valley Strength Games,2025-04-12,khachatur Zadikyan,Open Men's 96kg,94.2,65,67,-69,67,70,75,80,80,147
312810,6823,Grand Valley Strength Games,2025-04-12,Dylan Laven,Men's 14-15 Age Group +89kg,113,55,58,62,62,75,78,81,81,143
312811,6823,Grand Valley Strength Games,2025-04-12,Cheyenne Helsel,Open Women's 76kg,74.25,36,40,45,45,52,57,-62,57,102
312812,6823,Grand Valley Strength Games,2025-04-12,Tauma Conner,Women's Masters (50-54) 71kg,67.5,35,38,41,41,50,53,-55,53,94
312813,6823,Grand Valley Strength Games,2025-04-12,Caroline Renck,Women's Masters (40-44) 64kg,63,35,38,41,41,50,52,53,53,94
312814,6823,Grand Valley Strength Games,2025-04-12,Vanessa Lichtenberg,Women's Masters (35-39) 64kg,62.4,35,38,41,41,45,48,51,51,92
312815,6823,Grand Valley Strength Games,2025-04-12,Kathrine Sturgeon,Women's Masters (40-44) 59kg,57.1,30,34,-38,34,47,51,54,54,88
312816,6823,Grand Valley Strength Games,2025-04-12,June Triplett,Junior Women's 55kg,53.3,31,34,-37,34,45,48,50,50,84
312817,6823,Grand Valley Strength Games,2025-04-12,Ema Babnic,Junior Women's 55kg,51.45,31,-34,-34,31,42,-46,46,46,77
312818,6823,Grand Valley Strength Games,2025-04-12,Olivia Balsamo,Women's 14-15 Age Group 49kg,47,22,24,27,27,30,33,37,37,64
312819,6822,Battle Born Classic 2025,2025-04-12,Isaac Salas,Open Men's +109kg,115.8,115,120,-125,120,155,162,-167,162,282
312820,6822,Battle Born Classic 2025,2025-04-12,ERIC WYLIE,Men's Masters (35-39) 96kg,95.5,103,104,-106,104,115,120,125,125,229
312821,6822,Battle Born Classic 2025,2025-04-12,Zachery Scott,Men's 16-17 Age Group +102kg,132.5,78,84,90,90,110,-125,125,125,215
312822,6822,Battle Born Classic 2025,2025-04-12,Maddux Hernandez,Men's 16-17 Age Group 67kg,65.5,80,83,86,86,105,110,-114,110,196
312823,6822,Battle Born Classic 2025,2025-04-12,Blayney Adamson,Open Women's 87kg,85.25,62,64,67,67,76,-79,79,79,146
312824,6822,Battle Born Classic 2025,2025-04-12,LAUREN CZARNECKI,Open Women's 64kg,60.75,60,-64,-65,60,-73,-75,75,75,135
312825,6822,Battle Born Classic 2025,2025-04-12,Parker Myers,Men's 16-17 Age Group 61kg,57.7,48,-50,51,51,70,-73,73,73,124
312826,6822,Battle Born Classic 2025,2025-04-12,Maria Bruno,Women's Masters (45-49) 64kg,63.3,47,-49,50,50,69,-71,71,71,121
312827,6822,Battle Born Classic 2025,2025-04-12,Keeta Duke,Women's Masters (45-49) 76kg,76,41,44,48,48,62,66,73,73,121
312828,6822,Battle Born Classic 2025,2025-04-12,Fred Lee,Men's 14-15 Age Group 73kg,68.7,44,47,50,50,65,69,-73,69,119
312829,6822,Battle Born Classic 2025,2025-04-12,Delaney Geissinger,Women's Masters (35-39) 71kg,68.8,48,50,-52,50,62,-66,-66,62,112
312830,6822,Battle Born Classic 2025,2025-04-12,Christine Moffit,Women's Masters (35-39) 76kg,72.05,40,43,-46,43,56,-59,61,61,104
312831,6822,Battle Born Classic 2025,2025-04-12,Matthew Parento,Men's 13 Under Age Group 49kg,46.5,30,33,36,36,38,41,44,44,80
312832,6822,Battle Born Classic 2025,2025-04-12,Henry Drake,Men's 13 Under Age Group 55kg,49.8,11,13,14,14,17,19,21,21,35
312833,6822,Battle Born Classic 2025,2025-04-12,Payton Hernandez,Men's 13 Under Age Group 32kg,31.2,13,14,-15,14,18,19,20,20,34
312834,6821,2025 Handle Barbell Invitational (NUQ),2025-04-12,Caleb Weakland,Open Men's 109kg,104,140,-147,148,148,170,180,-188,180,328
312835,6821,2025 Handle Barbell Invitational (NUQ),2025-04-12,Will Easley,Open Men's 102kg,98.6,128,133,138,138,170,177,-185,177,315
312836,6821,2025 Handle Barbell Invitational (NUQ),2025-04-12,Trevor Owens,Open Men's 89kg,84.96,120,-126,126,126,155,162,168,168,294
312837,6821,2025 Handle Barbell Invitational (NUQ),2025-04-12,Samuel Wainwright,Open Men's 89kg,87.75,123,-127,-130,123,160,165,170,170,293
312838,6821,2025 Handle Barbell Invitational (NUQ),2025-04-12,Aidan Perez,Junior Men's +109kg,115.9,121,-126,-126,121,-155,158,-170,158,279
312839,6821,2025 Handle Barbell Invitational (NUQ),2025-04-12,Kevin Hill,Junior Men's 89kg,82.3,111,116,123,123,135,142,152,152,275
312840,6821,2025 Handle Barbell Invitational (NUQ),2025-04-12,Junius Fullard,Junior Men's 109kg,107.3,114,119,124,124,142,150,-161,150,274
312841,6821,2025 Handle Barbell Invitational (NUQ),2025-04-12,William Prokop,Open Men's 89kg,87.45,113,118,123,123,145,-150,150,150,273
312842,6821,2025 Handle Barbell Invitational (NUQ),2025-04-12,Colin Manning,Junior Men's 89kg,82.7,118,-123,-124,118,143,149,-153,149,267
312843,6821,2025 Handle Barbell Invitational (NUQ),2025-04-12,Bryce Eberhardt,Junior Men's 81kg,80.6,114,118,120,120,136,-138,-142,136,256
312844,6821,2025 Handle Barbell Invitational (NUQ),2025-04-12,Marten Baur,Open Men's 96kg,95.15,106,-111,111,111,131,136,141,141,252
312845,6821,2025 Handle Barbell Invitational (NUQ),2025-04-12,Kamal Rustom,Open Men's 89kg,88,99,102,106,106,136,144,-155,144,250
312846,6821,2025 Handle Barbell Invitational (NUQ),2025-04-12,Marquavious Owens,Junior Men's 73kg,70.45,107,-110,-111,107,128,132,-136,132,239
312847,6821,2025 Handle Barbell Invitational (NUQ),2025-04-12,Nahshon Paul,Open Men's 67kg,66.9,98,102,106,106,126,-130,-134,126,232
312848,6821,2025 Handle Barbell Invitational (NUQ),2025-04-12,Alex Lambert,Junior Men's 81kg,80.2,98,102,-105,102,122,125,130,130,232
312849,6821,2025 Handle Barbell Invitational (NUQ),2025-04-12,Ryan Jurek,Junior Men's 96kg,95.7,-89,91,95,95,-125,129,-135,129,224
312850,6821,2025 Handle Barbell Invitational (NUQ),2025-04-12,Matthew Potter,Junior Men's 81kg,77.75,90,96,101,101,108,114,120,120,221
312851,6821,2025 Handle Barbell Invitational (NUQ),2025-04-12,Hanwen Liu,Open Men's 96kg,93.35,90,95,100,100,110,115,-120,115,215
312852,6821,2025 Handle Barbell Invitational (NUQ),2025-04-12,Xander Whitlock,Men's 16-17 Age Group +102kg,163,-85,85,90,90,112,117,122,122,212
312853,6821,2025 Handle Barbell Invitational (NUQ),2025-04-12,Stanley Mason Danner,Junior Men's 81kg,78.1,95,100,-105,100,104,0,0,104,204
312854,6821,2025 Handle Barbell Invitational (NUQ),2025-04-12,Makiyah  Nickerson,Junior Women's 64kg,63.7,84,86,88,88,100,103,106,106,194
312855,6821,2025 Handle Barbell Invitational (NUQ),2025-04-12,Jacob Papantonakis,Open Men's 67kg,62.5,78,-81,-84,78,110,115,-120,115,193
312856,6821,2025 Handle Barbell Invitational (NUQ),2025-04-12,Ivy Gunn,Junior Women's 71kg,70,-84,-84,86,86,100,103,106,106,192
312857,6821,2025 Handle Barbell Invitational (NUQ),2025-04-12,Cary Sheppard,Men's Masters (45-49) 102kg,99.2,75,80,85,85,100,103,105,105,190
312858,6821,2025 Handle Barbell Invitational (NUQ),2025-04-12,Madison Atwood,Junior Women's +87kg,102.65,74,77,-80,77,103,107,113,113,190
312859,6821,2025 Handle Barbell Invitational (NUQ),2025-04-12,Tristain Atwood,Junior Women's 87kg,86.65,71,73,77,77,94,97,101,101,178
312860,6821,2025 Handle Barbell Invitational (NUQ),2025-04-12,Bennett Carnathan,Junior Men's 81kg,78.6,-68,68,72,72,93,98,102,102,174
312861,6821,2025 Handle Barbell Invitational (NUQ),2025-04-12,Kayden Arliss,Junior Women's 87kg,82.75,71,76,-82,76,86,92,98,98,174
312862,6821,2025 Handle Barbell Invitational (NUQ),2025-04-12,Jacob Jennings,Junior Men's 89kg,86.4,70,75,80,80,80,86,92,92,172
312863,6821,2025 Handle Barbell Invitational (NUQ),2025-04-12,Alexa  Estevez,Open Women's 59kg,58.2,73,77,81,81,89,-94,-97,89,170
312864,6821,2025 Handle Barbell Invitational (NUQ),2025-04-12,Alyssa Jordan,Junior Women's 64kg,60.8,69,72,-75,72,86,90,94,94,166
312865,6821,2025 Handle Barbell Invitational (NUQ),2025-04-12,Ava Oteri,Open Women's 64kg,64,67,71,-75,71,89,95,-102,95,166
312866,6821,2025 Handle Barbell Invitational (NUQ),2025-04-12,Violeta Fernandez Martino,Junior Women's 59kg,56.1,65,70,-73,70,75,80,92,92,162
312867,6821,2025 Handle Barbell Invitational (NUQ),2025-04-12,Kaitlyn sheppard,Junior Women's 71kg,67.2,65,-70,70,70,82,87,91,91,161
312868,6821,2025 Handle Barbell Invitational (NUQ),2025-04-12,Maddie Carte,Junior Women's +87kg,101.36,64,67,-71,67,85,88,91,91,158
312869,6821,2025 Handle Barbell Invitational (NUQ),2025-04-12,Brian Espino,Men's Masters (45-49) 89kg,89,59,62,65,65,88,92,-101,92,157
312870,6821,2025 Handle Barbell Invitational (NUQ),2025-04-12,Madi  Muse,Junior Women's 59kg,58.75,64,67,-70,67,87,89,-93,89,156
312871,6821,2025 Handle Barbell Invitational (NUQ),2025-04-12,Nextor Borges,Men's 16-17 Age Group 81kg,79,63,68,-70,68,84,-88,-90,84,152
312872,6821,2025 Handle Barbell Invitational (NUQ),2025-04-12,Abigail Eipert,Open Women's 87kg,86.2,61,64,-67,64,-80,84,87,87,151
312873,6821,2025 Handle Barbell Invitational (NUQ),2025-04-12,Reagan Best,Junior Women's 55kg,52.9,58,64,-66,64,80,84,86,86,150
312874,6821,2025 Handle Barbell Invitational (NUQ),2025-04-12,Ariana Acosta-Ramirez,Junior Women's 87kg,84.65,62,64,-70,64,83,85,-88,85,149
312875,6821,2025 Handle Barbell Invitational (NUQ),2025-04-12,Marlow Nichols,Open Women's 64kg,61.95,61,-64,-64,61,76,80,-85,80,141
312876,6821,2025 Handle Barbell Invitational (NUQ),2025-04-12,Eduardo  Saucedo,Junior Men's 67kg,62.05,53,56,60,60,72,77,-82,77,137
312877,6821,2025 Handle Barbell Invitational (NUQ),2025-04-12,lucas bailey,Men's 16-17 Age Group +102kg,130.5,54,57,60,60,60,65,70,70,130
312878,6821,2025 Handle Barbell Invitational (NUQ),2025-04-12,Rori Wilson,Open Women's 59kg,56.05,52,55,-57,55,68,72,-75,72,127
312879,6821,2025 Handle Barbell Invitational (NUQ),2025-04-12,Jillian Jacobs,Junior Women's 59kg,57.7,52,55,58,58,65,68,-72,68,126
312880,6821,2025 Handle Barbell Invitational (NUQ),2025-04-12,Noah Wilhoit,Men's 13 Under Age Group +73kg,91.3,40,44,-48,44,57,60,-63,60,104
312881,6821,2025 Handle Barbell Invitational (NUQ),2025-04-12,McKayleigh Fullard,Women's 14-15 Age Group +76kg,95.85,43,46,-49,46,47,50,53,53,99
312882,6821,2025 Handle Barbell Invitational (NUQ),2025-04-12,Isaiah Quintero,Men's 16-17 Age Group 55kg,53.5,34,39,-45,39,40,43,50,50,89
312883,6821,2025 Handle Barbell Invitational (NUQ),2025-04-12,Sean Bushell,Men's 16-17 Age Group +102kg,114.15,34,-39,39,39,40,45,-50,45,84
312884,6821,2025 Handle Barbell Invitational (NUQ),2025-04-12,Rubie Dobbins,Junior Women's 76kg,74.75,-69,-71,-71,0,89,-93,-96,89,0
312885,6820,Stronger Youth Classic Present by Eleven09,2025-03-29,Nathan Combs,Men's 16-17 Age Group 81kg,78.9,74,76,78,78,100,103,105,105,183
312886,6820,Stronger Youth Classic Present by Eleven09,2025-03-29,Stephen Combs,Men's 14-15 Age Group 89kg,87.7,-60,-60,60,60,-81,81,-82,81,141
312887,6820,Stronger Youth Classic Present by Eleven09,2025-03-29,Landon Tarazona,Men's 14-15 Age Group 61kg,59.3,33,36,38,38,40,45,50,50,88
312888,6820,Stronger Youth Classic Present by Eleven09,2025-03-29,Sadie Cirbus,Women's 13 Under Age Group 59kg,55.4,30,33,36,36,38,41,44,44,80
312889,6820,Stronger Youth Classic Present by Eleven09,2025-03-29,Oliver Combs,Men's 13 Under Age Group 55kg,53.6,26,28,30,30,38,-40,40,40,70
312890,6820,Stronger Youth Classic Present by Eleven09,2025-03-29,Finn Earley,Men's 13 Under Age Group 61kg,59.1,21,25,29,29,33,36,39,39,68
312891,6820,Stronger Youth Classic Present by Eleven09,2025-03-29,Marko Giuliani,Men's 13 Under Age Group 39kg,39,16,18,22,22,20,24,27,27,49
312892,6820,Stronger Youth Classic Present by Eleven09,2025-03-29,Riley Metz,Men's 13 Under Age Group 44kg,39.4,13,15,19,19,18,20,23,23,42
312893,6820,Stronger Youth Classic Present by Eleven09,2025-03-29,Elodie Walker,Women's 13 Under Age Group 49kg,46.7,17,-19,19,19,20,23,-26,23,42
312894,6820,Stronger Youth Classic Present by Eleven09,2025-03-29,Lane Hansen,Men's 13 Under Age Group 32kg,21.8,4,5,7,7,6,7,8,8,15
312895,6819,No events to display,,,,0,0,0,0,0,0,0,0,0,0
312896,6818,2025 Georgia WSO Championship,2025-04-03,Joshua Venegas,Open Men's 96kg,96,117,121,125,125,150,154,-158,154,279
312897,6818,2025 Georgia WSO Championship,2025-04-03,Jacob OConnor,Open Men's 81kg,74.2,115,119,122,122,142,-146,148,148,270
312898,6818,2025 Georgia WSO Championship,2025-04-03,Ethan Bowen,Open Men's 73kg,73,110,120,-125,120,140,-146,146,146,266
312899,6818,2025 Georgia WSO Championship,2025-04-03,Ashby Floyd,Junior Men's 81kg,77,110,115,120,120,135,-140,140,140,260
312900,6818,2025 Georgia WSO Championship,2025-04-03,Stewart Ragan,Open Men's 81kg,77.4,108,112,115,115,130,134,138,138,253
312901,6818,2025 Georgia WSO Championship,2025-04-03,Isaac Tenga,Open Men's 102kg,97.2,110,-116,-116,110,140,-150,-150,140,250
312902,6818,2025 Georgia WSO Championship,2025-04-03,Emory McFann,Men's 16-17 Age Group +102kg,138.6,105,109,-113,109,120,125,130,130,239
312903,6818,2025 Georgia WSO Championship,2025-04-03,Dustin Craig,Open Men's 96kg,92.2,-102,103,105,105,125,128,-131,128,233
312904,6818,2025 Georgia WSO Championship,2025-04-03,Joseph DarderUquillas,Open Men's 67kg,65.8,96,100,105,105,116,121,125,125,230
312905,6818,2025 Georgia WSO Championship,2025-04-03,Benjamin Chang,Open Men's 81kg,80.8,90,95,-103,95,115,120,130,130,225
312906,6818,2025 Georgia WSO Championship,2025-04-03,Benjamin Engelbracht,Open Men's 73kg,70.6,-95,97,-101,97,115,120,-123,120,217
312907,6818,2025 Georgia WSO Championship,2025-04-03,Nathan Cleghorn,Junior Men's 96kg,95.6,87,-91,-92,87,122,-127,-127,122,209
312908,6818,2025 Georgia WSO Championship,2025-04-03,Daniel Hamill,Open Men's 89kg,87.2,83,86,-89,86,110,115,119,119,205
312909,6818,2025 Georgia WSO Championship,2025-04-03,Gabriel Shull,Open Men's 102kg,98.4,82,85,89,89,108,114,-118,114,203
312910,6818,2025 Georgia WSO Championship,2025-04-03,Bud Pearce,Men's Masters (35-39) 89kg,87.6,88,90,-92,90,-106,106,-107,106,196
312911,6818,2025 Georgia WSO Championship,2025-04-03,Ahmad Minor,Men's 16-17 Age Group 102kg,99,75,80,85,85,100,106,111,111,196
312912,6818,2025 Georgia WSO Championship,2025-04-03,Michael Vo,Open Men's 89kg,87.6,-84,84,-87,84,111,-114,-114,111,195
312913,6818,2025 Georgia WSO Championship,2025-04-03,Carly Lansley,Open Women's +87kg,120.6,-84,84,88,88,102,106,-110,106,194
312914,6818,2025 Georgia WSO Championship,2025-04-03,Trip Floyd,Open Men's 96kg,96,-73,73,76,76,105,-110,110,110,186
312915,6818,2025 Georgia WSO Championship,2025-04-03,Na'Erykah Goodwin,Open Women's 87kg,86.6,70,74,-78,74,92,96,100,100,174
312916,6818,2025 Georgia WSO Championship,2025-04-03,Justin Martin-Bailey,Men's Masters (40-44) 109kg,106.6,65,69,73,73,97,101,-105,101,174
312917,6818,2025 Georgia WSO Championship,2025-04-03,Grace Jenkins,Open Women's +87kg,119.6,70,73,-76,73,93,97,100,100,173
312918,6818,2025 Georgia WSO Championship,2025-04-03,William Nollenberger,Men's Masters (35-39) 89kg,88.8,68,72,-76,72,91,96,100,100,172
312919,6818,2025 Georgia WSO Championship,2025-04-03,Emma Meads,Women's 16-17 Age Group 76kg,73.2,-73,73,76,76,85,90,-95,90,166
312920,6818,2025 Georgia WSO Championship,2025-04-03,Jarret Bryan,Men's Masters (35-39) 73kg,71.8,68,-72,73,73,80,87,-91,87,160
312921,6818,2025 Georgia WSO Championship,2025-04-03,Martin  Rydel,Men's Masters (45-49) 81kg,77.4,64,67,-70,67,90,-93,93,93,160
312922,6818,2025 Georgia WSO Championship,2025-04-03,Corynne Francis,Open Women's 64kg,61.6,64,67,70,70,79,83,86,86,156
312923,6818,2025 Georgia WSO Championship,2025-04-03,Ryan Gesser,Men's Masters (50-54) 102kg,96.4,59,61,63,63,89,93,-96,93,156
312924,6818,2025 Georgia WSO Championship,2025-04-03,Michael  Russell,Men's Masters (35-39) 102kg,101.6,-70,70,-75,70,85,-90,-92,85,155
312925,6818,2025 Georgia WSO Championship,2025-04-03,Amelia Kushner,Open Women's 71kg,66.6,-64,64,67,67,75,80,85,85,152
312926,6818,2025 Georgia WSO Championship,2025-04-03,Scott Stamey,Men's Masters (50-54) 89kg,87.2,60,65,-70,65,80,-85,85,85,150
312927,6818,2025 Georgia WSO Championship,2025-04-03,Rose Caderno,Open Women's 64kg,62.8,-68,68,-70,68,-80,80,-85,80,148
312928,6818,2025 Georgia WSO Championship,2025-04-03,David DeGroot,Men's Masters (55-59) 102kg,98.2,57,60,63,63,-76,76,81,81,144
312929,6818,2025 Georgia WSO Championship,2025-04-03,Halaina Yancey,Open Women's 64kg,60.8,55,59,62,62,69,73,77,77,139
312930,6818,2025 Georgia WSO Championship,2025-04-03,Jasmine Louis-Jacques,Open Women's 81kg,76.4,-64,64,-67,64,75,-80,-80,75,139
312931,6818,2025 Georgia WSO Championship,2025-04-03,Ashleigh Hulett,Open Women's 87kg,85,58,63,-68,63,68,73,-78,73,136
312932,6818,2025 Georgia WSO Championship,2025-04-03,sofia kokorina,Women's 16-17 Age Group 71kg,70,61,62,-67,62,70,73,-76,73,135
312933,6818,2025 Georgia WSO Championship,2025-04-03,Clara Dennis,Open Women's 71kg,68.6,-59,-59,59,59,71,74,-77,74,133
312934,6818,2025 Georgia WSO Championship,2025-04-03,Rebecca Mckinnon,Women's Masters (35-39) 76kg,72.8,-51,51,57,57,67,71,-77,71,128
312935,6818,2025 Georgia WSO Championship,2025-04-03,Amber Butler,Women's Masters (40-44) 76kg,75.4,52,55,-57,55,56,59,62,62,117
312936,6818,2025 Georgia WSO Championship,2025-04-03,Ellie Kichler,Women's 14-15 Age Group 71kg,68.4,49,-51,-51,49,62,-65,65,65,114
312937,6818,2025 Georgia WSO Championship,2025-04-03,angelica henderson,Open Women's 71kg,69.2,-40,40,43,43,65,70,-73,70,113
312938,6818,2025 Georgia WSO Championship,2025-04-03,Francisco Chacon-Rovira,Men's 13 Under Age Group 55kg,49.2,45,48,51,51,50,54,60,60,111
312939,6818,2025 Georgia WSO Championship,2025-04-03,Debra Woods,Women's Masters (40-44) 71kg,69.4,-50,50,-56,50,55,59,-65,59,109
312940,6818,2025 Georgia WSO Championship,2025-04-03,Katy Lott,Women's Masters (50-54) 71kg,69.4,43,48,-53,48,57,61,-65,61,109
312941,6818,2025 Georgia WSO Championship,2025-04-03,Kailey Diatikar,Open Women's 71kg,67,43,-47,47,47,56,59,62,62,109
312942,6818,2025 Georgia WSO Championship,2025-04-03,Natalie  Richardson,Open Women's 81kg,80,48,50,-52,50,57,59,-62,59,109
312943,6818,2025 Georgia WSO Championship,2025-04-03,Megan Warburg,Open Women's 59kg,58,43,45,47,47,54,57,-60,57,104
312944,6818,2025 Georgia WSO Championship,2025-04-03,Saxon Colbaugh,Men's 14-15 Age Group 61kg,57,35,42,46,46,53,56,57,57,103
312945,6818,2025 Georgia WSO Championship,2025-04-03,Caitlin Meyer,Open Women's 76kg,75,38,40,44,44,57,-61,-65,57,101
312946,6818,2025 Georgia WSO Championship,2025-04-03,"Alonzo Richardson, Jr.",Men's 14-15 Age Group +89kg,96.6,40,-45,45,45,50,55,-60,55,100
312947,6818,2025 Georgia WSO Championship,2025-04-03,Lilia Demers,Junior Women's 49kg,46.2,40,-43,45,45,50,-54,54,54,99
312948,6818,2025 Georgia WSO Championship,2025-04-03,Steven Acenbrak,Men's Masters (65-69) 81kg,73.4,38,40,42,42,52,54,56,56,98
312949,6818,2025 Georgia WSO Championship,2025-04-03,Kenya Blocker,Women's Masters (40-44) +87kg,150,43,46,-48,46,50,-55,-55,50,96
312950,6818,2025 Georgia WSO Championship,2025-04-03,Maria Paramo,Open Women's 76kg,74.2,40,43,-46,43,53,-60,-60,53,96
312951,6818,2025 Georgia WSO Championship,2025-04-03,Lachelle  Phillips,Women's Masters (40-44) 81kg,77.8,32,34,36,36,50,-54,55,55,91
312952,6818,2025 Georgia WSO Championship,2025-04-03,Imani Washington,Women's 13 Under Age Group +64kg,71,34,36,40,40,45,50,-52,50,90
312953,6818,2025 Georgia WSO Championship,2025-04-03,Leila Ray,Women's 14-15 Age Group 59kg,57.4,40,-42,-42,40,-50,50,-55,50,90
312954,6818,2025 Georgia WSO Championship,2025-04-03,Talayna  Britt,Women's 13 Under Age Group 55kg,50,27,30,32,32,33,36,38,38,70
312955,6818,2025 Georgia WSO Championship,2025-04-03,charles colbaugh,Men's 13 Under Age Group 49kg,46,23,-25,25,25,33,-35,37,37,62
312956,6818,2025 Georgia WSO Championship,2025-04-03,Shasda Bishop,Women's Masters (35-39) 87kg,85.8,25,-28,-28,25,30,33,36,36,61
312957,6818,2025 Georgia WSO Championship,2025-04-03,Natasha Bowen,Women's Masters (50-54) 64kg,60.2,-27,27,29,29,30,-33,-35,30,59
312958,6818,2025 Georgia WSO Championship,2025-04-03,Phoebe Storck,Women's 13 Under Age Group 40kg,37.4,16,18,19,19,20,23,25,25,44
312959,6818,2025 Georgia WSO Championship,2025-04-03,Gabrielle Holmes,Women's 13 Under Age Group 64kg,59.6,10,12,15,15,15,20,25,25,40
312960,6818,2025 Georgia WSO Championship,2025-04-03,Hadley Tillman,Women's 13 Under Age Group 30kg,26.4,13,15,-17,15,17,20,-23,20,35
312961,6818,2025 Georgia WSO Championship,2025-04-03,Jayde Duncan,Women's 13 Under Age Group 30kg,23.8,12,14,-16,14,16,-20,20,20,34
312962,6818,2025 Georgia WSO Championship,2025-04-03,Hunter Simmons,Men's 13 Under Age Group 55kg,51.4,10,12,-15,12,15,17,20,20,32
312963,6818,2025 Georgia WSO Championship,2025-04-03,Adrien Gates,Open Women's 71kg,64.2,-54,-54,-54,0,67,-70,-73,67,0
312964,6818,2025 Georgia WSO Championship,2025-04-03,Thomas Minor,Open Men's 73kg,73,92,96,-100,96,-123,-125,-125,0,0
